,number,user.login,created_at,updated_at,closed_at,merged_at,requested_reviewers,labels,head.label,head.ref,head.repo.name,head.repo.size,state,closing_time,hours
1,158,WilcoBreedt,2023-02-08 10:33:04,2023-02-08 10:40:21,2023-02-08 10:40:21,2023-02-08 10:40:21,No reviewer assigned,Not labelled,openvantage:AI-1294_GenerateReportNewWorkflows,AI-1294_GenerateReportNewWorkflows,ai1-web-react,15272,closed,0 days 00:07:17,0.1213888888888889
2,157,WilcoBreedt,2023-02-07 13:33:53,2023-02-07 13:35:18,2023-02-07 13:35:16,2023-02-07 13:35:15,No reviewer assigned,Not labelled,openvantage:AI1-1207_ComparisonWaste,AI1-1207_ComparisonWaste,ai1-web-react,15272,closed,0 days 00:01:22,0.02277777777777778
3,156,AdamErwee,2023-02-07 12:49:52,2023-02-07 13:32:57,2023-02-07 13:07:55,2023-02-07 13:07:55,WilcoBreedt,Not labelled,openvantage:AI1-1207_ComparisonWaste,AI1-1207_ComparisonWaste,ai1-web-react,15272,closed,0 days 00:18:03,0.30083333333333334
4,155,AdamErwee,2023-02-03 09:21:39,2023-02-03 12:19:19,2023-02-03 12:18:25,2023-02-03 12:18:25,No reviewer assigned,READY FOR REVIEW,openvantage:fix_payroll_summary_schedule,fix_payroll_summary_schedule,ai1-web-react,15272,closed,0 days 02:56:46,2.946111111111111
5,154,WilcoBreedt,2023-01-31 14:58:40,2023-02-07 15:34:43,2023-02-07 15:34:43,2023-02-07 15:34:43,No reviewer assigned,IN PROGRESS,openvantage:fix/handle_2500_jobs,fix/handle_2500_jobs,ai1-web-react,15272,closed,7 days 00:36:03,168.60083333333333
6,153,WilcoBreedt,2023-01-27 14:03:11,2023-01-30 13:42:54,2023-01-30 13:42:51,2023-01-30 13:42:51,AdamErwee,READY FOR REVIEW,openvantage:fix/dashboard_query_waste,fix/dashboard_query_waste,ai1-web-react,15272,closed,2 days 23:39:40,71.66111111111111
7,152,WilcoBreedt,2023-01-26 10:25:08,2023-01-30 13:44:58,2023-01-30 13:44:55,2023-01-30 13:44:55,AdamErwee,READY FOR REVIEW,openvantage:fix/AI1-1217,fix/AI1-1217,ai1-web-react,15272,closed,4 days 03:19:47,99.32972222222222
8,151,AdamErwee,2023-01-26 09:56:38,2023-01-30 13:41:48,2023-01-30 13:41:48,2023-01-30 13:41:48,No reviewer assigned,READY FOR REVIEW,openvantage:AI1-1293_DeleteManyReocurringJobs,AI1-1293_DeleteManyReocurringJobs,ai1-web-react,15272,closed,4 days 03:45:10,99.75277777777778
9,150,AdamErwee,2023-01-26 05:46:32,2023-01-30 13:37:02,2023-01-30 13:37:00,2023-01-30 13:37:00,No reviewer assigned,READY FOR REVIEW,openvantage:AI1-1238,AI1-1238,ai1-web-react,15272,closed,4 days 07:50:28,103.8411111111111
10,149,AdamErwee,2023-01-25 08:35:23,2023-01-30 13:28:28,2023-01-30 13:28:26,2023-01-30 13:28:26,No reviewer assigned,READY FOR REVIEW,openvantage:AI1-1226_LiveMapSearch,AI1-1226_LiveMapSearch,ai1-web-react,15272,closed,5 days 04:53:03,124.88416666666667
11,148,AdamErwee,2023-01-25 08:24:46,2023-01-30 13:27:12,2023-01-30 13:27:09,2023-01-30 13:27:09,No reviewer assigned,READY FOR REVIEW,openvantage:AI1-883_DeleteAll,AI1-883_DeleteAll,ai1-web-react,15272,closed,5 days 05:02:23,125.03972222222222
12,147,AdamErwee,2023-01-18 08:35:00,2023-01-19 05:24:35,2023-01-19 05:24:33,2023-01-19 05:24:33,No reviewer assigned,READY FOR REVIEW,openvantage:AI1-1221_Watse_SmallerIcons,AI1-1221_Watse_SmallerIcons,ai1-web-react,15272,closed,0 days 20:49:33,20.825833333333332
13,146,AdamErwee,2023-01-18 07:18:59,2023-01-19 09:29:29,2023-01-19 09:29:27,2023-01-19 09:29:27,No reviewer assigned,APPROVED,openvantage:AI1-1206_Waste_DashboardMapVehicles,AI1-1206_Waste_DashboardMapVehicles,ai1-web-react,15272,closed,1 days 02:10:28,26.174444444444443
14,145,AdamErwee,2023-01-17 06:28:42,2023-01-30 14:19:07,2023-01-30 14:19:01,2023-01-30 14:19:00,No reviewer assigned,APPROVED,openvantage:AI1-1208_Waste_RFIDColorCoding,AI1-1208_Waste_RFIDColorCoding,ai1-web-react,15272,closed,13 days 07:50:18,319.8383333333333
15,144,AdamErwee,2023-01-16 08:34:16,2023-01-19 05:17:02,2023-01-19 05:16:59,2023-01-19 05:16:59,No reviewer assigned,READY FOR REVIEW,openvantage:AI1-1205_Waste_PercentageCards,AI1-1205_Waste_PercentageCards,ai1-web-react,15272,closed,2 days 20:42:43,68.71194444444444
16,143,WilcoBreedt,2023-01-12 17:04:39,2023-01-12 17:07:08,2023-01-12 17:07:07,2023-01-12 17:07:07,No reviewer assigned,Not labelled,openvantage:master,master,ai1-web-react,15272,closed,0 days 00:02:28,0.04111111111111111
17,142,AdamErwee,2023-01-11 11:28:17,2023-01-19 05:08:45,2023-01-19 05:08:41,2023-01-19 05:08:41,No reviewer assigned,READY FOR REVIEW,openvantage:AI1-1270_ReportAlphabetically,AI1-1270_ReportAlphabetically,ai1-web-react,15272,closed,7 days 17:40:24,185.67333333333335
18,141,AdamErwee,2023-01-09 13:07:01,2023-01-19 05:07:27,2023-01-19 05:07:07,2023-01-19 05:07:07,No reviewer assigned,APPROVED,openvantage:AI1-883_DeleteMultiple,AI1-883_DeleteMultiple,ai1-web-react,15272,closed,9 days 16:00:06,232.00166666666667
19,140,AdamErwee,2023-01-09 07:32:13,2023-01-09 08:27:33,2023-01-09 08:27:28,2023-01-09 08:27:28,No reviewer assigned,READY FOR REVIEW,openvantage:AI1-1163_JobStatus,AI1-1163_JobStatus,ai1-web-react,15272,closed,0 days 00:55:15,0.9208333333333333
20,139,AdamErwee,2022-12-28 05:19:41,2022-12-29 06:15:26,2022-12-29 06:15:24,2022-12-29 06:15:24,WilcoBreedt,READY FOR REVIEW,openvantage:AI1-1184_Payroll_Summary,AI1-1184_Payroll_Summary,ai1-web-react,15272,closed,1 days 00:55:43,24.92861111111111
21,138,AdamErwee,2022-12-15 06:58:41,2022-12-19 11:59:50,2022-12-19 11:59:50,2022-12-19 11:59:50,WilcoBreedt,READY FOR REVIEW,openvantage:AI1-1213_User_Roles,AI1-1213_User_Roles,ai1-web-react,15272,closed,4 days 05:01:09,101.01916666666666
22,137,AdamErwee,2022-12-13 12:54:30,2022-12-19 11:59:32,2022-12-19 11:59:31,2022-12-19 11:59:31,WilcoBreedt,READY FOR REVIEW,openvantage:AI1-1183_Payroll_Detail,AI1-1183_Payroll_Detail,ai1-web-react,15272,closed,5 days 23:05:01,143.0836111111111
23,136,AdamErwee,2022-12-06 09:08:21,2022-12-29 06:24:00,2022-12-29 06:23:59,2022-12-29 06:23:59,WilcoBreedt,READY FOR REVIEW,openvantage:AI1-1126_ReoccurringStatus,AI1-1126_ReoccurringStatus,ai1-web-react,15272,closed,22 days 21:15:38,549.2605555555556
24,135,WilcoBreedt,2022-11-22 14:37:25,2022-11-22 14:37:51,2022-11-22 14:37:49,2022-11-22 14:37:49,No reviewer assigned,Not labelled,openvantage:fix/image_upload,fix/image_upload,ai1-web-react,15272,closed,0 days 00:00:24,0.006666666666666667
25,134,WilcoBreedt,2022-11-22 14:03:52,2022-11-22 14:04:08,2022-11-22 14:04:06,2022-11-22 14:04:06,No reviewer assigned,Not labelled,openvantage:fix/resolution,fix/resolution,ai1-web-react,15272,closed,0 days 00:00:14,0.0038888888888888888
26,133,AdamErwee,2022-11-15 07:23:37,2022-11-16 06:53:12,2022-11-16 06:53:11,2022-11-16 06:53:11,WilcoBreedt,READY FOR REVIEW,openvantage:AI1-212_NightShiftField,AI1-212_NightShiftField,ai1-web-react,15272,closed,0 days 23:29:34,23.49277777777778
27,132,AdamErwee,2022-11-14 06:28:13,2022-12-05 07:59:19,2022-12-05 07:59:17,2022-12-05 07:59:17,WilcoBreedt,READY FOR REVIEW,openvantage:AI1-1127_ReoccurringMonth,AI1-1127_ReoccurringMonth,ai1-web-react,15272,closed,21 days 01:31:04,505.5177777777778
28,131,AdamErwee,2022-11-09 13:14:03,2022-11-16 09:08:56,2022-11-16 09:08:54,2022-11-16 09:08:54,WilcoBreedt,READY FOR REVIEW,openvantage:AI1-1033_ReportUserVisibility,AI1-1033_ReportUserVisibility,ai1-web-react,15272,closed,6 days 19:54:51,163.91416666666666
29,130,AdamErwee,2022-11-09 08:04:58,2022-11-09 10:12:42,2022-11-09 10:12:40,2022-11-09 10:12:40,No reviewer assigned,READY FOR REVIEW,openvantage:AI1-1177_TelematicsPermissions,AI1-1177_TelematicsPermissions,ai1-web-react,15272,closed,0 days 02:07:42,2.1283333333333334
31,13,AdamErwee,2023-01-09 10:17:26,2023-01-26 14:33:39,2023-01-26 14:33:34,2023-01-26 14:33:34,No reviewer assigned,READY FOR REVIEW,openvantage:AI1-1096_JobSequence,AI1-1096_JobSequence,ai1-mobile-rn,4891,closed,17 days 04:16:08,412.2688888888889
32,12,AdamErwee,2023-01-03 11:59:05,2023-01-26 14:32:20,2023-01-26 14:32:18,2023-01-26 14:32:18,No reviewer assigned,READY FOR REVIEW,openvantage:AI1-1117_NearbyJobs,AI1-1117_NearbyJobs,ai1-mobile-rn,4891,closed,23 days 02:33:13,554.5536111111111
33,11,AdamErwee,2022-11-23 10:46:51,2022-12-30 11:39:23,2022-12-19 12:00:33,2022-12-19 12:00:33,WilcoBreedt,READY FOR REVIEW,openvantage:AI1-1190_SweeperJobsMap,AI1-1190_SweeperJobsMap,ai1-mobile-rn,4891,closed,26 days 01:13:42,625.2283333333334
34,10,AdamErwee,2022-10-24 07:59:16,2022-10-25 14:30:24,2022-10-25 14:30:22,2022-10-25 14:30:22,No reviewer assigned,Not labelled,openvantage:AI1-1108_UpdateFromRelease107,AI1-1108_UpdateFromRelease107,ai1-mobile-rn,4891,closed,1 days 06:31:06,30.518333333333334
35,9,WilcoBreedt,2022-10-19 07:47:13,2022-10-19 07:51:01,2022-10-19 07:50:59,2022-10-19 07:50:59,No reviewer assigned,Not labelled,openvantage:feature/waste,feature/waste,ai1-mobile-rn,4891,closed,0 days 00:03:46,0.06277777777777778
36,8,AdamErwee,2022-10-19 07:33:37,2022-10-19 07:50:33,2022-10-19 07:50:31,2022-10-19 07:50:31,No reviewer assigned,READY FOR REVIEW,openvantage:AI1-1099_48HourItinerary,AI1-1099_48HourItinerary,ai1-mobile-rn,4891,closed,0 days 00:16:54,0.2816666666666667
38,6,AdamErwee,2022-10-07 09:30:23,2022-10-10 08:33:18,2022-10-10 08:33:16,2022-10-10 08:33:16,No reviewer assigned,READY FOR REVIEW,openvantage:AI1-1076_Mileage,AI1-1076_Mileage,ai1-mobile-rn,4891,closed,2 days 23:02:53,71.04805555555555
39,5,WilcoBreedt,2022-09-20 12:26:42,2022-10-03 11:24:31,2022-10-03 11:24:29,2022-10-03 11:24:29,No reviewer assigned,Not labelled,openvantage:chore/ffcSweeperes,chore/ffcSweeperes,ai1-mobile-rn,4891,closed,12 days 22:57:47,310.96305555555557
40,4,AdamErwee,2022-09-12 08:04:16,2022-10-10 08:33:56,2022-10-10 08:33:55,2022-10-10 08:33:55,No reviewer assigned,APPROVED,openvantage:AI1-969_PhotoCompression,AI1-969_PhotoCompression,ai1-mobile-rn,4891,closed,28 days 00:29:39,672.4941666666666
41,3,FrikanRwOV,2022-08-24 04:56:22,2022-08-24 05:02:22,2022-08-24 05:02:19,2022-08-24 05:02:19,WilcoBreedt,READY FOR REVIEW,openvantage:AI1-857_JM-clark-Work-flow---On-the-final-signature-screen-can-we-have-a-information-button-too-allow-the-driver-to-show-the-informations-related-to-the-job-Ie-the-Job-details-on-the-card_Frikan-Erwee,AI1-857_JM-clark-Work-flow---On-the-final-signature-screen-can-we-have-a-information-button-too-allow-the-driver-to-show-the-informations-related-to-the-job-Ie-the-Job-details-on-the-card_Frikan-Erwee,ai1-mobile-rn,4891,closed,0 days 00:05:57,0.09916666666666667
42,2,Decs42,2022-08-15 14:15:13,2022-08-17 19:34:23,2022-08-17 19:34:17,2022-08-17 19:34:17,WilcoBreedt,READY FOR REVIEW,openvantage:fix/CU-2ptnzkr_endOfDay,fix/CU-2ptnzkr_endOfDay,ai1-mobile-rn,4891,closed,2 days 05:19:04,53.31777777777778
43,1,WianOV,2022-08-11 07:18:48,2023-01-09 08:40:23,2023-01-09 08:40:13,,FrikanRwOV,CHANGES REQUESTED,openvantage:Drak-mode,Drak-mode,ai1-mobile-rn,4891,closed,,
45,88,WilcoBreedt,2023-02-07 10:45:22,2023-02-07 10:56:48,2023-02-07 10:56:46,2023-02-07 10:56:45,No reviewer assigned,Not labelled,openvantage:feature/AddSolveComparisonMetrics,feature/AddSolveComparisonMetrics,ai1-backend-prisma,12147,closed,0 days 00:11:23,0.1897222222222222
46,87,Riley-5,2023-02-07 09:25:02,2023-02-07 11:56:37,2023-02-07 11:56:35,2023-02-07 11:56:35,No reviewer assigned,Not labelled,openvantage:AI-1294_GenerateReportNewWorkflows,AI-1294_GenerateReportNewWorkflows,ai1-backend-prisma,12147,closed,0 days 02:31:33,2.5258333333333334
47,86,AdamErwee,2023-02-03 10:53:36,2023-02-03 11:40:40,2023-02-03 11:40:34,2023-02-03 11:40:34,No reviewer assigned,READY FOR REVIEW,openvantage:fix_totalDuration_payroll_summary,fix_totalDuration_payroll_summary,ai1-backend-prisma,12147,closed,0 days 00:46:58,0.7827777777777778
48,85,AdamErwee,2023-02-01 08:59:33,2023-02-02 13:28:08,2023-02-02 13:28:05,2023-02-02 13:28:05,No reviewer assigned,Not labelled,openvantage:fix_scheduled_reports,fix_scheduled_reports,ai1-backend-prisma,12147,closed,1 days 04:28:32,28.475555555555555
49,84,WilcoBreedt,2023-01-31 14:56:59,2023-02-07 15:21:27,2023-02-07 15:21:24,2023-02-07 15:21:24,No reviewer assigned,READY FOR REVIEW,openvantage:fix/handle_2500_jobs,fix/handle_2500_jobs,ai1-backend-prisma,12147,closed,7 days 00:24:25,168.40694444444443
50,83,AdamErwee,2023-01-31 13:08:07,2023-02-02 13:14:06,2023-02-02 13:14:03,2023-02-02 13:14:03,No reviewer assigned,READY FOR REVIEW,openvantage:AI1-1299_SummaryReportChangeRequest,AI1-1299_SummaryReportChangeRequest,ai1-backend-prisma,12147,closed,2 days 00:05:56,48.09888888888889
51,82,AdamErwee,2023-01-31 10:39:09,2023-02-02 13:10:51,2023-02-02 13:10:46,2023-02-02 13:10:46,No reviewer assigned,READY FOR REVIEW,openvantage:AI1-1298_LastLocation,AI1-1298_LastLocation,ai1-backend-prisma,12147,closed,2 days 02:31:37,50.526944444444446
52,81,WilcoBreedt,2023-01-20 09:49:35,2023-01-30 13:46:34,2023-01-30 13:46:27,2023-01-30 13:46:27,No reviewer assigned,APPROVED,openvantage:fix/include_nightshift_daily_extract,fix/include_nightshift_daily_extract,ai1-backend-prisma,12147,closed,10 days 03:56:52,243.9477777777778
53,80,AdamErwee,2023-01-18 07:20:52,2023-01-19 05:27:26,2023-01-19 05:27:22,2023-01-19 05:27:22,No reviewer assigned,READY FOR REVIEW,openvantage:AI1-1206_Waste_DashboardMapVehicles,AI1-1206_Waste_DashboardMapVehicles,ai1-backend-prisma,12147,closed,0 days 22:06:30,22.108333333333334
54,79,AdamErwee,2023-01-11 09:55:48,2023-01-19 09:30:23,2023-01-19 09:30:21,2023-01-19 09:30:21,WilcoBreedt,APPROVED,openvantage:AI1-1262_PayrollSummaryChanges,AI1-1262_PayrollSummaryChanges,ai1-backend-prisma,12147,closed,7 days 23:34:33,191.57583333333332
55,78,AdamErwee,2023-01-11 09:01:27,2023-01-19 05:28:58,2023-01-19 05:28:56,2023-01-19 05:28:56,No reviewer assigned,READY FOR REVIEW,openvantage:AI1-1263_PayrollDetail,AI1-1263_PayrollDetail,ai1-backend-prisma,12147,closed,7 days 20:27:29,188.45805555555555
56,77,AdamErwee,2023-01-05 06:30:03,2023-01-06 13:26:17,2023-01-06 13:26:11,2023-01-06 13:26:11,WilcoBreedt,READY FOR REVIEW,openvantage:AI1-1127_ReoccurringMonthDay_Fix,AI1-1127_ReoccurringMonthDay_Fix,ai1-backend-prisma,12147,closed,1 days 06:56:08,30.935555555555556
57,76,AdamErwee,2023-01-04 07:10:35,2023-01-05 10:33:09,2023-01-05 10:33:07,2023-01-05 10:33:07,No reviewer assigned,READY FOR REVIEW,openvantage:AI1-1256_Daily_Extract_Job,AI1-1256_Daily_Extract_Job,ai1-backend-prisma,12147,closed,1 days 03:22:32,27.375555555555554
58,75,AdamErwee,2022-12-28 05:23:14,2022-12-29 06:14:46,2022-12-29 06:14:44,2022-12-29 06:14:44,WilcoBreedt,READY FOR REVIEW,openvantage:AI1-1184_Payroll_Summary,AI1-1184_Payroll_Summary,ai1-backend-prisma,12147,closed,1 days 00:51:30,24.858333333333334
59,74,AdamErwee,2022-12-13 12:55:02,2022-12-19 12:00:10,2022-12-19 12:00:10,2022-12-19 12:00:10,WilcoBreedt,READY FOR REVIEW,openvantage:AI1-1183_Payroll_Detail,AI1-1183_Payroll_Detail,ai1-backend-prisma,12147,closed,5 days 23:05:08,143.08555555555554
60,73,AdamErwee,2022-12-06 09:09:39,2022-12-29 06:19:10,2022-12-29 06:19:08,2022-12-29 06:19:08,WilcoBreedt,READY FOR REVIEW,openvantage:AI1-1126_ReoccurringStatus,AI1-1126_ReoccurringStatus,ai1-backend-prisma,12147,closed,22 days 21:09:29,549.1580555555555
61,72,AdamErwee,2022-11-23 13:49:07,2022-12-05 08:07:21,2022-12-05 08:07:19,2022-12-05 08:07:19,WilcoBreedt,Not labelled,openvantage:AI1-875_SweeperReportFixes,AI1-875_SweeperReportFixes,ai1-backend-prisma,12147,closed,11 days 18:18:12,282.30333333333334
62,71,AdamErwee,2022-11-14 06:25:23,2022-12-05 08:05:04,2022-12-05 08:05:02,2022-12-05 08:05:02,WilcoBreedt,READY FOR REVIEW,openvantage:AI1-1127_ReoccurringMonthDay,AI1-1127_ReoccurringMonthDay,ai1-backend-prisma,12147,closed,21 days 01:39:39,505.66083333333336
63,70,WilcoBreedt,2022-11-10 14:58:36,2022-11-16 06:48:26,2022-11-16 06:48:25,2022-11-16 06:48:24,No reviewer assigned,Not labelled,openvantage:fix/location_names,fix/location_names,ai1-backend-prisma,12147,closed,5 days 15:49:48,135.83
64,69,WilcoBreedt,2022-11-08 07:38:31,2022-11-08 10:18:14,2022-11-08 10:18:12,2022-11-08 10:18:12,No reviewer assigned,Not labelled,openvantage:feature/waste_consolidated_bin_holder_view,feature/waste_consolidated_bin_holder_view,ai1-backend-prisma,12147,closed,0 days 02:39:41,2.661388888888889
65,68,AdamErwee,2022-11-08 05:56:15,2022-11-08 10:17:57,2022-11-08 10:17:55,2022-11-08 10:17:55,No reviewer assigned,READY FOR REVIEW,openvantage:AI1-1115_ReportLogos,AI1-1115_ReportLogos,ai1-backend-prisma,12147,closed,0 days 04:21:40,4.361111111111111
66,67,AdamErwee,2022-11-04 12:02:37,2022-11-09 10:13:42,2022-11-09 10:13:40,2022-11-09 10:13:40,WilcoBreedt,APPROVED,openvantage:AI1-736_ActualVsPlannedMileage,AI1-736_ActualVsPlannedMileage,ai1-backend-prisma,12147,closed,4 days 22:11:03,118.18416666666667
67,66,WilcoBreedt,2022-11-04 11:57:56,2022-11-08 10:15:46,2022-11-08 10:15:44,2022-11-08 10:15:44,No reviewer assigned,Not labelled,openvantage:feature/waste_speed_complete,feature/waste_speed_complete,ai1-backend-prisma,12147,closed,3 days 22:17:48,94.29666666666667
68,65,AdamErwee,2022-11-03 08:02:11,2022-11-08 13:32:57,2022-11-08 13:32:52,2022-11-08 13:32:52,No reviewer assigned,APPROVED,openvantage:AI1-729_ActualVsPlannedJobs,AI1-729_ActualVsPlannedJobs,ai1-backend-prisma,12147,closed,5 days 05:30:41,125.51138888888889
69,64,AdamErwee,2022-11-01 10:43:01,2022-11-08 10:12:20,2022-11-08 10:12:15,2022-11-08 10:12:15,WilcoBreedt,APPROVED,openvantage:AI1-756_TimsheetReport,AI1-756_TimsheetReport,ai1-backend-prisma,12147,closed,6 days 23:29:14,167.48722222222221
70,63,WilcoBreedt,2022-10-31 08:10:25,2022-10-31 09:14:59,2022-10-31 09:14:57,2022-10-31 09:14:57,No reviewer assigned,Not labelled,openvantage:feature/pm2,feature/pm2,ai1-backend-prisma,12147,closed,0 days 01:04:32,1.0755555555555556
71,62,AdamErwee,2022-10-27 07:24:44,2022-11-08 13:32:22,2022-11-08 13:32:20,2022-11-08 13:32:20,No reviewer assigned,APPROVED,openvantage:AI1-1106_ReportFields,AI1-1106_ReportFields,ai1-backend-prisma,12147,closed,12 days 06:07:36,294.12666666666667
72,61,AdamErwee,2022-10-26 06:26:20,2022-10-26 08:19:36,2022-10-26 08:19:34,2022-10-26 08:19:34,No reviewer assigned,READY FOR REVIEW,openvantage:AI1-212_NightShift,AI1-212_NightShift,ai1-backend-prisma,12147,closed,0 days 01:53:14,1.8872222222222221
73,60,AdamErwee,2022-10-21 08:34:34,2022-10-26 08:23:57,2022-10-26 08:23:55,2022-10-26 08:23:55,No reviewer assigned,READY FOR REVIEW,openvantage:AI1-1120_ReportDecimals,AI1-1120_ReportDecimals,ai1-backend-prisma,12147,closed,4 days 23:49:21,119.8225
74,57,werner-openvantage,2023-02-08 09:11:22,2023-02-08 10:36:04,2023-02-08 10:35:56,2023-02-08 10:35:56,No reviewer assigned,Not labelled,openvantage:feature/bi-tool,feature/bi-tool,pangea-prisma-backend,1351,closed,0 days 01:24:34,1.4094444444444445
75,56,Oratile-Mlambo,2023-02-08 08:54:13,2023-02-08 13:23:11,2023-02-08 13:23:06,2023-02-08 13:23:06,No reviewer assigned,Not labelled,openvantage:bugfix/quote-document-styling,bugfix/quote-document-styling,pangea-prisma-backend,1351,closed,0 days 04:28:53,4.481388888888889
76,55,inno-0,2023-02-01 13:29:44,2023-02-01 13:30:01,2023-02-01 13:30:01,2023-02-01 13:30:01,No reviewer assigned,Not labelled,openvantage:feature/be-api-acccount-management/api,feature/be-api-acccount-management/api,pangea-prisma-backend,1351,closed,0 days 00:00:17,0.004722222222222222
77,54,inno-0,2023-02-01 08:11:19,2023-02-03 09:13:59,2023-02-03 09:13:46,2023-02-03 09:13:46,No reviewer assigned,Not labelled,openvantage:feature/be-api-account-management,feature/be-api-account-management,pangea-prisma-backend,1351,closed,2 days 01:02:27,49.04083333333333
78,53,Oratile-Mlambo,2023-01-30 14:47:43,2023-01-30 15:12:11,2023-01-30 15:12:00,2023-01-30 15:12:00,werner-openvantage,Not labelled,openvantage:bugfix/send-quote-email,bugfix/send-quote-email,pangea-prisma-backend,1351,closed,0 days 00:24:17,0.4047222222222222
79,52,Oratile-Mlambo,2023-01-25 09:05:27,2023-01-27 11:34:36,2023-01-25 14:08:43,2023-01-25 14:08:43,inno-0,DB CHANGES,openvantage:feature/voice-and-text-pool-contribution-config,feature/voice-and-text-pool-contribution-config,pangea-prisma-backend,1351,closed,0 days 05:03:16,5.054444444444444
80,51,werner-openvantage,2023-01-25 08:47:36,2023-01-25 08:48:02,2023-01-25 08:47:58,2023-01-25 08:47:58,No reviewer assigned,Not labelled,openvantage:feature/whitelabeling,feature/whitelabeling,pangea-prisma-backend,1351,closed,0 days 00:00:22,0.006111111111111111
81,50,Oratile-Mlambo,2023-01-18 12:58:34,2023-01-18 13:10:19,2023-01-18 13:10:19,2023-01-18 13:10:19,No reviewer assigned,Not labelled,openvantage:DEV,DEV,pangea-prisma-backend,1351,closed,0 days 00:11:45,0.19583333333333333
82,49,Oratile-Mlambo,2023-01-18 10:28:24,2023-01-18 12:32:51,2023-01-18 12:30:32,2023-01-18 12:30:31,No reviewer assigned,Not labelled,openvantage:bugfix/delete-contact-intermittent-bug,bugfix/delete-contact-intermittent-bug,pangea-prisma-backend,1351,closed,0 days 02:02:07,2.035277777777778
83,48,Oratile-Mlambo,2023-01-18 07:26:07,2023-01-18 07:32:21,2023-01-18 07:32:15,2023-01-18 07:32:15,No reviewer assigned,Not labelled,openvantage:bugfix/bulk-delete-users-intermittent,bugfix/bulk-delete-users-intermittent,pangea-prisma-backend,1351,closed,0 days 00:06:08,0.10222222222222223
84,47,Oratile-Mlambo,2023-01-17 12:49:14,2023-01-17 13:20:15,2023-01-17 13:19:35,2023-01-17 13:19:35,No reviewer assigned,Not labelled,openvantage:bugfix/bulk-delete-users-intermittent,bugfix/bulk-delete-users-intermittent,pangea-prisma-backend,1351,closed,0 days 00:30:21,0.5058333333333334
85,46,Oratile-Mlambo,2023-01-17 11:24:51,2023-01-17 11:25:14,2023-01-17 11:25:13,2023-01-17 11:25:13,No reviewer assigned,Not labelled,openvantage:DEV,DEV,pangea-prisma-backend,1351,closed,0 days 00:00:22,0.006111111111111111
86,45,Oratile-Mlambo,2023-01-17 09:29:40,2023-01-17 11:12:10,2023-01-17 11:12:00,2023-01-17 11:12:00,No reviewer assigned,Not labelled,openvantage:bugfix/bulk-delete-users-intermittent,bugfix/bulk-delete-users-intermittent,pangea-prisma-backend,1351,closed,0 days 01:42:20,1.7055555555555555
87,44,Oratile-Mlambo,2023-01-17 07:51:14,2023-01-17 07:56:44,2023-01-17 07:56:44,2023-01-17 07:56:44,No reviewer assigned,Not labelled,openvantage:DEV,DEV,pangea-prisma-backend,1351,closed,0 days 00:05:30,0.09166666666666666
88,43,Oratile-Mlambo,2023-01-17 06:48:51,2023-01-18 12:33:10,2023-01-17 07:49:40,2023-01-17 07:49:40,No reviewer assigned,Not labelled,openvantage:bugfix/sim-update-bug,bugfix/sim-update-bug,pangea-prisma-backend,1351,closed,0 days 01:00:49,1.013611111111111
89,42,Oratile-Mlambo,2023-01-16 11:11:39,2023-01-16 11:19:15,2023-01-16 11:19:14,2023-01-16 11:19:14,No reviewer assigned,Not labelled,openvantage:DEV,DEV,pangea-prisma-backend,1351,closed,0 days 00:07:35,0.12638888888888888
90,41,Oratile-Mlambo,2023-01-16 10:57:13,2023-01-16 11:13:15,2023-01-16 11:10:13,2023-01-16 11:10:13,No reviewer assigned,Not labelled,openvantage:feature/rule-notification-emails,feature/rule-notification-emails,pangea-prisma-backend,1351,closed,0 days 00:13:00,0.21666666666666667
91,40,Oratile-Mlambo,2023-01-13 11:03:59,2023-01-13 11:25:22,2023-01-13 11:25:22,2023-01-13 11:25:22,No reviewer assigned,Not labelled,openvantage:DEV,DEV,pangea-prisma-backend,1351,closed,0 days 00:21:23,0.35638888888888887
92,39,Oratile-Mlambo,2023-01-13 09:55:14,2023-01-17 05:38:16,2023-01-13 11:02:00,2023-01-13 11:02:00,No reviewer assigned,Not labelled,openvantage:bugfix/bulk-delete-users,bugfix/bulk-delete-users,pangea-prisma-backend,1351,closed,0 days 01:06:46,1.1127777777777779
93,38,Oratile-Mlambo,2023-01-12 09:44:03,2023-01-12 09:44:51,2023-01-12 09:44:39,2023-01-12 09:44:39,No reviewer assigned,Not labelled,openvantage:bugfix/intermittent-502-error,bugfix/intermittent-502-error,pangea-prisma-backend,1351,closed,0 days 00:00:36,0.01
94,37,Oratile-Mlambo,2023-01-12 09:38:24,2023-01-12 09:44:52,2023-01-12 09:42:35,2023-01-12 09:42:34,No reviewer assigned,Not labelled,openvantage:bugfix/intermittent-502-error,bugfix/intermittent-502-error,pangea-prisma-backend,1351,closed,0 days 00:04:10,0.06944444444444445
95,36,Oratile-Mlambo,2023-01-11 14:19:11,2023-01-11 14:19:49,2023-01-11 14:19:48,2023-01-11 14:19:48,No reviewer assigned,Not labelled,openvantage:DEV,DEV,pangea-prisma-backend,1351,closed,0 days 00:00:37,0.010277777777777778
96,35,Oratile-Mlambo,2023-01-09 12:48:59,2023-01-10 07:35:20,2023-01-10 07:35:17,2023-01-10 07:35:17,No reviewer assigned,Not labelled,openvantage:bugfix/file-service-bug-fix,bugfix/file-service-bug-fix,pangea-prisma-backend,1351,closed,0 days 18:46:18,18.77166666666667
97,34,Oratile-Mlambo,2022-12-23 13:30:42,2022-12-23 13:31:32,2022-12-23 13:31:29,2022-12-23 13:31:29,No reviewer assigned,Not labelled,openvantage:bugfix/verification-email-url,bugfix/verification-email-url,pangea-prisma-backend,1351,closed,0 days 00:00:47,0.013055555555555556
98,33,Oratile-Mlambo,2022-12-20 10:50:35,2022-12-20 10:53:31,2022-12-20 10:53:26,2022-12-20 10:53:26,No reviewer assigned,Not labelled,openvantage:feature/default-rule-creation,feature/default-rule-creation,pangea-prisma-backend,1351,closed,0 days 00:02:51,0.0475
99,32,Oratile-Mlambo,2022-12-15 11:38:59,2022-12-15 14:00:50,2022-12-15 14:00:39,2022-12-15 14:00:39,No reviewer assigned,Not labelled,openvantage:feature/default-rule-creation,feature/default-rule-creation,pangea-prisma-backend,1351,closed,0 days 02:21:40,2.361111111111111
100,31,Oratile-Mlambo,2022-12-14 06:32:24,2022-12-14 06:49:46,2022-12-14 06:49:42,2022-12-14 06:49:42,No reviewer assigned,Not labelled,openvantage:feature/default-rule-creation,feature/default-rule-creation,pangea-prisma-backend,1351,closed,0 days 00:17:18,0.28833333333333333
101,30,Oratile-Mlambo,2022-12-12 11:58:59,2022-12-13 07:06:25,2022-12-13 07:06:20,2022-12-13 07:06:20,No reviewer assigned,Not labelled,openvantage:bugfix/file-service-bug,bugfix/file-service-bug,pangea-prisma-backend,1351,closed,0 days 19:07:21,19.1225
102,29,Oratile-Mlambo,2022-12-08 04:34:55,2022-12-08 07:14:49,2022-12-08 07:14:45,2022-12-08 07:14:45,No reviewer assigned,Not labelled,openvantage:feature/initTests-rule-update,feature/initTests-rule-update,pangea-prisma-backend,1351,closed,0 days 02:39:50,2.6638888888888888
103,28,werner-openvantage,2022-12-06 09:18:03,2022-12-06 09:29:26,2022-12-06 09:29:26,2022-12-06 09:29:26,No reviewer assigned,Not labelled,openvantage:DEV,DEV,pangea-prisma-backend,1351,closed,0 days 00:11:23,0.1897222222222222
104,1,werner-openvantage,2022-12-02 11:49:45,2022-12-05 06:38:13,2022-12-05 06:38:10,2022-12-05 06:38:10,No reviewer assigned,Not labelled,openvantage:feature/PAN-103,feature/PAN-103,pangea-semaphore,132,closed,2 days 18:48:25,66.80694444444444
106,44,Faziki,2022-11-30 22:57:59,2022-12-02 14:01:48,2022-12-02 14:01:48,2022-12-02 14:01:48,WianOV,Not labelled,openvantage:bugs/misc-fixes,bugs/misc-fixes,otto-mobile-rn,5266,closed,1 days 15:03:49,39.06361111111111
107,43,WianOV,2022-10-31 16:20:01,2022-10-31 16:22:00,2022-10-31 16:21:59,2022-10-31 16:21:59,No reviewer assigned,Not labelled,openvantage:payment-changes,payment-changes,otto-mobile-rn,5266,closed,0 days 00:01:58,0.03277777777777778
108,42,WianOV,2022-10-31 15:02:35,2022-10-31 15:03:27,2022-10-31 15:03:27,2022-10-31 15:03:27,No reviewer assigned,Not labelled,openvantage:changes-and-fixes,changes-and-fixes,otto-mobile-rn,5266,closed,0 days 00:00:52,0.014444444444444444
109,41,Faziki,2022-10-31 12:30:14,2022-10-31 15:39:02,2022-10-31 15:38:53,2022-10-31 15:38:53,JurieSpies,Not labelled,openvantage:unhide/fixes-for-main,unhide/fixes-for-main,otto-mobile-rn,5266,closed,0 days 03:08:39,3.1441666666666666
110,40,Faziki,2022-10-31 08:09:39,2022-10-31 08:12:11,2022-10-31 08:12:11,2022-10-31 08:12:11,JurieSpies,Not labelled,openvantage:feature/additional-weekly-charges-live-data,feature/additional-weekly-charges-live-data,otto-mobile-rn,5266,closed,0 days 00:02:32,0.042222222222222223
111,39,WianOV,2022-10-26 06:25:25,2022-10-31 08:07:49,2022-10-26 06:25:40,2022-10-26 06:25:40,No reviewer assigned,Not labelled,openvantage:test/Personal-details,test/Personal-details,otto-mobile-rn,5266,closed,0 days 00:00:15,0.004166666666666667
112,38,Faziki,2022-10-25 07:42:24,2022-10-25 09:39:04,2022-10-25 08:21:49,2022-10-25 08:21:49,JurieSpies,Not labelled,openvantage:feature/weekly-additional-charges,feature/weekly-additional-charges,otto-mobile-rn,5266,closed,0 days 00:39:25,0.6569444444444444
113,37,WianOV,2022-10-19 17:01:01,2022-10-31 08:07:51,2022-10-19 17:01:09,2022-10-19 17:01:09,No reviewer assigned,Not labelled,openvantage:test/support,test/support,otto-mobile-rn,5266,closed,0 days 00:00:08,0.0022222222222222222
114,36,WianOV,2022-10-19 08:59:30,2022-10-31 08:07:53,2022-10-19 08:59:45,2022-10-19 08:59:45,No reviewer assigned,Not labelled,openvantage:test/My-doc,test/My-doc,otto-mobile-rn,5266,closed,0 days 00:00:15,0.004166666666666667
115,35,WianOV,2022-10-19 06:20:57,2022-10-31 08:07:55,2022-10-19 06:44:20,2022-10-19 06:44:20,No reviewer assigned,Not labelled,openvantage:test/mypayments,test/mypayments,otto-mobile-rn,5266,closed,0 days 00:23:23,0.38972222222222225
116,34,WianOV,2022-10-18 13:05:46,2022-10-31 08:07:57,2022-10-18 13:11:59,2022-10-18 13:11:59,Faziki,Not labelled,openvantage:test/Dashboard,test/Dashboard,otto-mobile-rn,5266,closed,0 days 00:06:13,0.10361111111111111
117,33,WianOV,2022-10-18 10:26:07,2022-10-18 12:18:11,2022-10-18 11:25:06,2022-10-18 11:25:06,No reviewer assigned,Not labelled,openvantage:test/login,test/login,otto-mobile-rn,5266,closed,0 days 00:58:59,0.9830555555555556
118,32,WianOV,2022-10-13 11:21:07,2022-10-31 08:08:06,2022-10-13 11:21:14,2022-10-13 11:21:14,No reviewer assigned,Not labelled,openvantage:botto,botto,otto-mobile-rn,5266,closed,0 days 00:00:07,0.0019444444444444444
119,31,WianOV,2022-10-13 11:09:47,2022-10-13 11:09:57,2022-10-13 11:09:57,2022-10-13 11:09:57,No reviewer assigned,Not labelled,openvantage:botto,botto,otto-mobile-rn,5266,closed,0 days 00:00:10,0.002777777777777778
120,30,WianOV,2022-10-13 07:54:13,2022-10-31 08:08:04,2022-10-13 08:02:27,2022-10-13 08:02:27,No reviewer assigned,Not labelled,openvantage:pre-build-fix,pre-build-fix,otto-mobile-rn,5266,closed,0 days 00:08:14,0.13722222222222222
121,29,WianOV,2022-10-13 07:29:03,2022-10-13 07:29:12,2022-10-13 07:29:12,2022-10-13 07:29:12,No reviewer assigned,Not labelled,openvantage:pre-build-fix,pre-build-fix,otto-mobile-rn,5266,closed,0 days 00:00:09,0.0025
122,28,Faziki,2022-10-13 06:43:23,2022-10-13 10:53:31,2022-10-13 10:15:34,2022-10-13 10:15:34,JurieSpies,Not labelled,openvantage:bugfix/build-fixes,bugfix/build-fixes,otto-mobile-rn,5266,closed,0 days 03:32:11,3.536388888888889
123,27,WianOV,2022-10-13 06:36:23,2022-10-13 06:36:31,2022-10-13 06:36:31,2022-10-13 06:36:31,No reviewer assigned,Not labelled,openvantage:pre-build-fix,pre-build-fix,otto-mobile-rn,5266,closed,0 days 00:00:08,0.0022222222222222222
124,26,WianOV,2022-10-12 13:25:17,2022-10-31 08:08:03,2022-10-12 13:25:25,2022-10-12 13:25:25,No reviewer assigned,Not labelled,openvantage:wip-build-fix,wip-build-fix,otto-mobile-rn,5266,closed,0 days 00:00:08,0.0022222222222222222
125,25,WianOV,2022-10-12 09:51:13,2022-10-31 08:08:02,2022-10-12 09:58:07,2022-10-12 09:58:07,Faziki,Not labelled,openvantage:testing-fixes,testing-fixes,otto-mobile-rn,5266,closed,0 days 00:06:54,0.115
126,24,WianOV,2022-10-10 09:07:03,2022-10-31 08:08:00,2022-10-10 09:07:12,2022-10-10 09:07:12,No reviewer assigned,Not labelled,openvantage:build-fiexes,build-fiexes,otto-mobile-rn,5266,closed,0 days 00:00:09,0.0025
127,23,WianOV,2022-10-07 06:21:42,2022-10-31 08:08:43,2022-10-07 07:04:10,2022-10-07 07:04:10,No reviewer assigned,Not labelled,openvantage:test-bio,test-bio,otto-mobile-rn,5266,closed,0 days 00:42:28,0.7077777777777777
128,22,Faziki,2022-10-06 16:26:02,2022-10-31 08:08:38,2022-10-07 07:12:44,2022-10-07 07:12:44,JurieSpies,CHANGES MADE,openvantage:fixes/misc-changes,fixes/misc-changes,otto-mobile-rn,5266,closed,0 days 14:46:42,14.778333333333334
129,21,Faziki,2022-09-30 16:42:46,2022-10-31 08:08:47,2022-09-30 16:49:48,2022-09-30 16:49:48,JurieSpies,Not labelled,openvantage:feature/biometrics,feature/biometrics,otto-mobile-rn,5266,closed,0 days 00:07:02,0.11722222222222223
130,20,WianOV,2022-09-27 10:46:45,2022-10-31 08:08:45,2022-10-03 08:06:39,2022-10-03 08:06:39,Faziki,Not labelled,openvantage:log-out,log-out,otto-mobile-rn,5266,closed,5 days 21:19:54,141.33166666666668
131,19,Faziki,2022-09-26 12:17:48,2022-10-31 08:08:48,2022-09-26 12:24:07,2022-09-26 12:24:07,FrikanRwOV,Not labelled,openvantage:feature/biometric-login-#2ptkt2u,feature/biometric-login-#2ptkt2u,otto-mobile-rn,5266,closed,0 days 00:06:19,0.10527777777777778
132,18,Faziki,2022-09-26 12:10:29,2022-09-26 12:23:56,2022-09-26 12:23:53,2022-09-26 12:23:53,FrikanRwOV,Not labelled,openvantage:feature/hubs&FAQ-New,feature/hubs&FAQ-New,otto-mobile-rn,5266,closed,0 days 00:13:24,0.22333333333333333
133,17,WianOV,2022-09-26 11:45:16,2022-09-26 11:53:01,2022-09-26 11:52:54,2022-09-26 11:52:54,Faziki,Not labelled,openvantage:API-calls,API-calls,otto-mobile-rn,5266,closed,0 days 00:07:38,0.1272222222222222
134,16,WianOV,2022-09-21 08:12:55,2022-10-31 08:08:50,2022-09-21 12:13:53,2022-09-21 12:13:53,No reviewer assigned,REVIEW NEEDED,openvantage:data-maping,data-maping,otto-mobile-rn,5266,closed,0 days 04:00:58,4.016111111111111
135,82,werner-openvantage,2023-02-08 09:13:04,2023-02-08 10:42:59,2023-02-08 10:42:55,2023-02-08 10:42:55,No reviewer assigned,Not labelled,openvantage:feature/bi-tool,feature/bi-tool,pangea-react-web,15623,closed,0 days 01:29:51,1.4975
136,81,JenyoJ,2023-02-07 13:03:40,2023-02-08 11:24:02,2023-02-08 11:23:59,2023-02-08 11:23:59,werner-openvantage,Not labelled,openvantage:bugfix/PAN-652,bugfix/PAN-652,pangea-react-web,15623,closed,0 days 22:20:19,22.33861111111111
138,79,JenyoJ,2023-02-07 07:47:55,2023-02-07 07:53:20,2023-02-07 07:53:16,2023-02-07 07:53:16,Oratile-Mlambo,Not labelled,openvantage:feature/HS,feature/HS,pangea-react-web,15623,closed,0 days 00:05:21,0.08916666666666667
139,78,JenyoJ,2023-02-07 07:06:51,2023-02-07 07:28:58,2023-02-07 07:28:52,2023-02-07 07:28:52,Oratile-Mlambo,Not labelled,openvantage:feature/HS,feature/HS,pangea-react-web,15623,closed,0 days 00:22:01,0.36694444444444446
140,77,inno-0,2023-02-03 08:17:52,2023-02-08 10:47:19,2023-02-08 10:47:07,2023-02-08 10:47:07,No reviewer assigned,Not labelled,openvantage:feature/fe-account-api-access-management,feature/fe-account-api-access-management,pangea-react-web,15623,closed,5 days 02:29:15,122.4875
141,76,JenyoJ,2023-02-03 06:42:23,2023-02-03 07:50:58,2023-02-03 07:50:55,2023-02-03 07:50:55,No reviewer assigned,Not labelled,openvantage:feature/PAN-602,feature/PAN-602,pangea-react-web,15623,closed,0 days 01:08:32,1.1422222222222222
142,75,JenyoJ,2023-02-03 06:38:29,2023-02-03 07:41:22,2023-02-03 07:39:51,2023-02-03 07:39:51,No reviewer assigned,Not labelled,openvantage:feature/PAN-596,feature/PAN-596,pangea-react-web,15623,closed,0 days 01:01:22,1.0227777777777778
143,74,inno-0,2023-01-30 08:54:06,2023-02-08 10:46:49,2023-02-08 10:46:45,2023-02-08 10:46:45,No reviewer assigned,Not labelled,openvantage:bugfix/show-errors-onblur,bugfix/show-errors-onblur,pangea-react-web,15623,closed,9 days 01:52:39,217.8775
144,73,inno-0,2023-01-27 09:27:35,2023-01-30 07:12:14,2023-01-30 07:12:08,2023-01-30 07:12:08,No reviewer assigned,Not labelled,openvantage:feature/components-docs,feature/components-docs,pangea-react-web,15623,closed,2 days 21:44:33,69.7425
145,72,Oratile-Mlambo,2023-01-27 07:09:00,2023-01-27 07:59:01,2023-01-27 07:58:56,2023-01-27 07:58:56,inno-0,Not labelled,openvantage:feature/voice-and-test-per-pool-contribution,feature/voice-and-test-per-pool-contribution,pangea-react-web,15623,closed,0 days 00:49:56,0.8322222222222222
146,71,inno-0,2023-01-26 06:55:22,2023-01-27 07:24:52,2023-01-27 07:24:44,2023-01-27 07:24:44,Oratile-Mlambo,Not labelled,openvantage:bugfix/sso-buttons-errors,bugfix/sso-buttons-errors,pangea-react-web,15623,closed,1 days 00:29:22,24.489444444444445
147,70,inno-0,2023-01-25 13:12:06,2023-01-27 07:24:25,2023-01-27 07:24:15,2023-01-27 07:24:15,Oratile-Mlambo,Not labelled,openvantage:bugfix/profile-validation-fix,bugfix/profile-validation-fix,pangea-react-web,15623,closed,1 days 18:12:09,42.2025
148,69,inno-0,2023-01-25 12:45:20,2023-01-27 08:10:43,2023-01-27 08:10:39,2023-01-27 08:10:38,Oratile-Mlambo,Not labelled,openvantage:bugfix/align-sso-buttons,bugfix/align-sso-buttons,pangea-react-web,15623,closed,1 days 19:25:18,43.42166666666667
149,68,inno-0,2023-01-25 09:34:08,2023-01-27 07:23:47,2023-01-27 07:23:42,2023-01-27 07:23:42,werner-openvantage,Not labelled,openvantage:bugfix/clear-filters,bugfix/clear-filters,pangea-react-web,15623,closed,1 days 21:49:34,45.82611111111111
150,67,inno-0,2023-01-24 12:50:18,2023-01-27 07:23:23,2023-01-27 07:23:18,2023-01-27 07:23:18,Oratile-Mlambo,Not labelled,openvantage:bugfix/burger-menu,bugfix/burger-menu,pangea-react-web,15623,closed,2 days 18:33:00,66.55
151,66,werner-openvantage,2023-01-24 06:20:24,2023-01-24 06:33:33,2023-01-24 06:33:26,2023-01-24 06:33:25,No reviewer assigned,Not labelled,openvantage:feature/package-upgrades,feature/package-upgrades,pangea-react-web,15623,closed,0 days 00:13:01,0.21694444444444444
152,65,Oratile-Mlambo,2023-01-18 07:59:39,2023-01-20 05:16:47,2023-01-19 11:08:01,2023-01-19 11:08:01,No reviewer assigned,Not labelled,openvantage:feature/bulk-delete-users-swal-update,feature/bulk-delete-users-swal-update,pangea-react-web,15623,closed,1 days 03:08:22,27.139444444444443
153,64,inno-0,2023-01-17 12:17:41,2023-01-24 06:30:24,2023-01-24 06:30:16,2023-01-24 06:30:16,No reviewer assigned,Not labelled,openvantage:bugfix/clear-filters,bugfix/clear-filters,pangea-react-web,15623,closed,6 days 18:12:35,162.2097222222222
154,63,werner-openvantage,2023-01-17 07:07:11,2023-01-17 07:07:18,2023-01-17 07:07:18,2023-01-17 07:07:18,No reviewer assigned,Not labelled,openvantage:feature/package-upgrades,feature/package-upgrades,pangea-react-web,15623,closed,0 days 00:00:07,0.0019444444444444444
155,62,Oratile-Mlambo,2023-01-16 12:00:44,2023-01-16 12:01:27,2023-01-16 12:01:27,2023-01-16 12:01:27,No reviewer assigned,Not labelled,openvantage:DEV,DEV,pangea-react-web,15623,closed,0 days 00:00:43,0.011944444444444445
156,61,Oratile-Mlambo,2023-01-16 11:21:38,2023-01-19 11:28:26,2023-01-16 11:58:25,2023-01-16 11:58:25,No reviewer assigned,Not labelled,openvantage:bugfix/minor-UI-updates,bugfix/minor-UI-updates,pangea-react-web,15623,closed,0 days 00:36:47,0.6130555555555556
157,60,inno-0,2023-01-16 09:23:05,2023-01-24 06:27:39,2023-01-24 06:27:34,2023-01-24 06:27:34,No reviewer assigned,Not labelled,openvantage:bugfix/show-errors-onblur,bugfix/show-errors-onblur,pangea-react-web,15623,closed,7 days 21:04:29,189.07472222222222
158,59,inno-0,2023-01-13 13:34:34,2023-01-24 06:27:18,2023-01-24 06:27:11,2023-01-24 06:27:11,No reviewer assigned,Not labelled,openvantage:bugfix/deal-validation-jump-to-error,bugfix/deal-validation-jump-to-error,pangea-react-web,15623,closed,10 days 16:52:37,256.87694444444446
159,58,inno-0,2023-01-13 11:48:56,2023-01-24 06:26:49,2023-01-24 06:26:41,2023-01-24 06:26:41,No reviewer assigned,Not labelled,openvantage:bugfix/terms-validation,bugfix/terms-validation,pangea-react-web,15623,closed,10 days 18:37:45,258.62916666666666
160,57,Oratile-Mlambo,2023-01-12 13:34:07,2023-01-19 11:28:23,2023-01-12 13:55:36,2023-01-12 13:55:36,werner-openvantage,Not labelled,openvantage:bugfix/sim-selection,bugfix/sim-selection,pangea-react-web,15623,closed,0 days 00:21:29,0.35805555555555557
161,56,Oratile-Mlambo,2023-01-11 13:37:41,2023-01-11 13:38:58,2023-01-11 13:38:58,2023-01-11 13:38:58,No reviewer assigned,Not labelled,openvantage:DEV,DEV,pangea-react-web,15623,closed,0 days 00:01:17,0.021388888888888888
162,55,Oratile-Mlambo,2023-01-11 13:28:51,2023-01-11 13:39:36,2023-01-11 13:32:33,2023-01-11 13:32:33,No reviewer assigned,Not labelled,openvantage:bugfix/add-contact-modal,bugfix/add-contact-modal,pangea-react-web,15623,closed,0 days 00:03:42,0.06166666666666667
163,54,Oratile-Mlambo,2023-01-10 08:52:04,2023-01-10 08:52:48,2023-01-10 08:52:48,2023-01-10 08:52:47,No reviewer assigned,Not labelled,openvantage:DEV,DEV,pangea-react-web,15623,closed,0 days 00:00:43,0.011944444444444445
164,53,Oratile-Mlambo,2023-01-10 06:49:13,2023-01-10 08:11:36,2023-01-10 08:11:30,2023-01-10 08:11:30,No reviewer assigned,Not labelled,openvantage:bugfix/testing-feedback,bugfix/testing-feedback,pangea-react-web,15623,closed,0 days 01:22:17,1.371388888888889
165,23,sean-ov,2023-01-31 18:01:55,2023-01-31 18:02:09,2023-01-31 18:02:00,2023-01-31 18:02:00,No reviewer assigned,Not labelled,openvantage:android-build-fix,android-build-fix,linksuite-saleslink,153847,closed,0 days 00:00:05,0.001388888888888889
166,22,sean-ov,2023-01-31 17:43:56,2023-01-31 17:44:51,2023-01-31 17:44:34,2023-01-31 17:44:34,No reviewer assigned,Not labelled,openvantage:android-build-fix,android-build-fix,linksuite-saleslink,153847,closed,0 days 00:00:38,0.010555555555555556
167,21,sean-ov,2023-01-31 17:33:01,2023-01-31 17:33:08,2023-01-31 17:33:08,2023-01-31 17:33:08,No reviewer assigned,Not labelled,openvantage:android-build-fix,android-build-fix,linksuite-saleslink,153847,closed,0 days 00:00:07,0.0019444444444444444
168,20,sean-ov,2023-01-31 12:37:24,2023-01-31 12:37:29,2023-01-31 12:37:29,2023-01-31 12:37:29,No reviewer assigned,Not labelled,openvantage:android-build-fix,android-build-fix,linksuite-saleslink,153847,closed,0 days 00:00:05,0.001388888888888889
169,19,sean-ov,2023-01-31 12:21:59,2023-01-31 12:22:05,2023-01-31 12:22:05,2023-01-31 12:22:05,No reviewer assigned,Not labelled,openvantage:android-build-fix,android-build-fix,linksuite-saleslink,153847,closed,0 days 00:00:06,0.0016666666666666668
170,18,sean-ov,2023-01-31 12:08:25,2023-01-31 12:08:33,2023-01-31 12:08:33,2023-01-31 12:08:33,No reviewer assigned,Not labelled,openvantage:android-build-fix,android-build-fix,linksuite-saleslink,153847,closed,0 days 00:00:08,0.0022222222222222222
171,17,sean-ov,2023-01-18 14:45:27,2023-01-18 14:45:34,2023-01-18 14:45:34,2023-01-18 14:45:34,No reviewer assigned,Not labelled,openvantage:android-build-fix,android-build-fix,linksuite-saleslink,153847,closed,0 days 00:00:07,0.0019444444444444444
172,16,sean-ov,2022-11-14 13:49:24,2022-11-14 13:49:31,2022-11-14 13:49:30,2022-11-14 13:49:30,No reviewer assigned,Not labelled,openvantage:android-build-fix,android-build-fix,linksuite-saleslink,153847,closed,0 days 00:00:06,0.0016666666666666668
173,15,sean-ov,2022-11-14 11:57:32,2022-11-14 11:57:37,2022-11-14 11:57:37,2022-11-14 11:57:37,No reviewer assigned,Not labelled,openvantage:android-build-fix,android-build-fix,linksuite-saleslink,153847,closed,0 days 00:00:05,0.001388888888888889
174,14,sean-ov,2022-11-10 09:58:05,2022-11-10 09:58:10,2022-11-10 09:58:10,2022-11-10 09:58:10,No reviewer assigned,Not labelled,openvantage:android-build-fix,android-build-fix,linksuite-saleslink,153847,closed,0 days 00:00:05,0.001388888888888889
175,13,sean-ov,2022-11-09 19:46:08,2022-11-09 19:46:13,2022-11-09 19:46:13,2022-11-09 19:46:13,No reviewer assigned,Not labelled,openvantage:android-build-fix,android-build-fix,linksuite-saleslink,153847,closed,0 days 00:00:05,0.001388888888888889
176,12,sean-ov,2022-11-09 18:11:17,2022-11-09 18:11:22,2022-11-09 18:11:21,2022-11-09 18:11:21,No reviewer assigned,Not labelled,openvantage:android-build-fix,android-build-fix,linksuite-saleslink,153847,closed,0 days 00:00:04,0.0011111111111111111
177,11,sean-ov,2022-11-09 17:48:58,2022-11-09 17:49:04,2022-11-09 17:49:04,2022-11-09 17:49:04,No reviewer assigned,Not labelled,openvantage:android-build-fix,android-build-fix,linksuite-saleslink,153847,closed,0 days 00:00:06,0.0016666666666666668
178,10,sean-ov,2022-11-09 17:36:59,2022-11-09 17:37:11,2022-11-09 17:37:11,2022-11-09 17:37:11,No reviewer assigned,Not labelled,openvantage:android-build-fix,android-build-fix,linksuite-saleslink,153847,closed,0 days 00:00:12,0.0033333333333333335
179,9,sean-ov,2022-11-09 16:07:27,2022-11-09 16:07:32,2022-11-09 16:07:32,2022-11-09 16:07:32,No reviewer assigned,Not labelled,openvantage:android-build-fix,android-build-fix,linksuite-saleslink,153847,closed,0 days 00:00:05,0.001388888888888889
180,8,sean-ov,2022-11-09 16:02:02,2022-11-09 16:02:09,2022-11-09 16:02:09,2022-11-09 16:02:09,No reviewer assigned,Not labelled,openvantage:android-build-fix,android-build-fix,linksuite-saleslink,153847,closed,0 days 00:00:07,0.0019444444444444444
181,7,sean-ov,2022-11-09 15:51:45,2022-11-09 15:51:50,2022-11-09 15:51:50,2022-11-09 15:51:50,No reviewer assigned,Not labelled,openvantage:android-build-fix,android-build-fix,linksuite-saleslink,153847,closed,0 days 00:00:05,0.001388888888888889
182,6,sean-ov,2022-11-09 15:06:12,2022-11-09 15:06:19,2022-11-09 15:06:19,2022-11-09 15:06:19,No reviewer assigned,Not labelled,openvantage:android-build-fix,android-build-fix,linksuite-saleslink,153847,closed,0 days 00:00:07,0.0019444444444444444
183,5,sean-ov,2022-11-09 14:22:07,2022-11-09 14:22:13,2022-11-09 14:22:13,2022-11-09 14:22:13,No reviewer assigned,Not labelled,openvantage:android-build-fix,android-build-fix,linksuite-saleslink,153847,closed,0 days 00:00:06,0.0016666666666666668
184,4,sean-ov,2022-11-09 13:40:56,2022-11-09 13:41:02,2022-11-09 13:41:02,2022-11-09 13:41:01,No reviewer assigned,Not labelled,openvantage:android-build-fix,android-build-fix,linksuite-saleslink,153847,closed,0 days 00:00:05,0.001388888888888889
185,3,sean-ov,2022-11-02 09:17:31,2022-11-02 09:23:39,2022-11-02 09:23:39,2022-11-02 09:23:39,No reviewer assigned,Not labelled,openvantage:android-build-fix,android-build-fix,linksuite-saleslink,153847,closed,0 days 00:06:08,0.10222222222222223
186,2,sean-ov,2022-11-02 08:23:52,2022-11-02 08:31:04,2022-11-02 08:30:53,2022-11-02 08:30:53,No reviewer assigned,Not labelled,openvantage:syncing-changes,syncing-changes,linksuite-saleslink,153847,closed,0 days 00:07:01,0.11694444444444445
187,1,sean-ov,2022-10-27 12:07:57,2022-10-27 13:51:34,2022-10-27 13:51:33,2022-10-27 13:51:33,No reviewer assigned,Not labelled,openvantage:syncing-changes,syncing-changes,linksuite-saleslink,153847,closed,0 days 01:43:36,1.7266666666666666
188,3,AdamErwee,2022-10-21 06:12:32,2022-10-31 08:53:06,2022-10-31 08:53:04,2022-10-31 08:53:04,WilcoBreedt,enhancement,openvantage:#2tn3t8f_NewRequest,#2tn3t8f_NewRequest,leave-platform-svelte,124,closed,10 days 02:40:32,242.67555555555555
189,2,sean-ov,2022-09-18 12:17:53,2022-09-20 14:45:18,2022-09-20 14:45:16,2022-09-20 14:45:16,No reviewer assigned,Not labelled,openvantage:feature/lint-#2veehwh,feature/lint-#2veehwh,leave-platform-svelte,124,closed,2 days 02:27:23,50.45638888888889
190,1,WilcoBreedt,2022-09-15 23:44:56,2022-10-03 07:17:59,2022-10-03 07:17:57,2022-10-03 07:17:57,Oratile-Mlambo,Not labelled,openvantage:feature/basic_google_login,feature/basic_google_login,leave-platform-svelte,124,closed,17 days 07:33:01,415.55027777777775
191,56,JenyoJ,2023-01-19 12:50:22,2023-01-20 07:48:19,2023-01-20 07:48:19,2023-01-20 07:48:19,No reviewer assigned,Not labelled,openvantage:GMC-UI-fixes,GMC-UI-fixes,GMC-front-end,3390,closed,0 days 18:57:57,18.965833333333332
192,55,sean-ov,2023-01-16 06:51:25,2023-01-17 07:22:56,2023-01-17 07:22:51,2023-01-17 07:22:51,No reviewer assigned,Not labelled,openvantage:IG/multi-instance-fix,IG/multi-instance-fix,GMC-front-end,3390,closed,1 days 00:31:26,24.523888888888887
193,54,JenyoJ,2023-01-05 07:58:50,2023-01-05 08:12:30,2023-01-05 08:12:23,2023-01-05 08:12:23,No reviewer assigned,Not labelled,openvantage:GMC-fixes,GMC-fixes,GMC-front-end,3390,closed,0 days 00:13:33,0.22583333333333333
194,53,DrewLangley,2023-01-04 11:41:20,2023-01-05 05:59:08,2023-01-05 05:59:03,2023-01-05 05:59:03,Fizz21,Not labelled,openvantage:feature/share-case,feature/share-case,GMC-front-end,3390,closed,0 days 18:17:43,18.295277777777777
195,52,JenyoJ,2023-01-03 11:42:13,2023-01-04 11:18:39,2023-01-04 11:18:01,2023-01-04 11:18:01,No reviewer assigned,Not labelled,openvantage:GMC-470,GMC-470,GMC-front-end,3390,closed,0 days 23:35:48,23.596666666666668
196,51,JenyoJ,2023-01-03 08:08:59,2023-01-03 12:23:50,2023-01-03 12:23:36,,No reviewer assigned,Not labelled,openvantage:GMC-193,GMC-193,GMC-front-end,3390,closed,,
197,50,Fizz21,2022-12-29 13:35:11,2023-01-04 11:18:25,2023-01-04 11:18:15,2023-01-04 11:18:15,No reviewer assigned,Not labelled,openvantage:FormStylingEmployment,FormStylingEmployment,GMC-front-end,3390,closed,5 days 21:43:04,141.71777777777777
198,49,Fizz21,2022-12-19 09:54:59,2022-12-23 15:38:23,2022-12-23 15:38:03,2022-12-23 15:38:03,No reviewer assigned,Not labelled,openvantage:GMC-443_GMC-444,GMC-443_GMC-444,GMC-front-end,3390,closed,4 days 05:43:04,101.71777777777778
199,48,FrikanRwOV,2022-12-15 10:52:14,2022-12-15 10:53:12,2022-12-15 10:52:19,2022-12-15 10:52:19,No reviewer assigned,Not labelled,openvantage:bugfix/drew-12-12-2022,bugfix/drew-12-12-2022,GMC-front-end,3390,closed,0 days 00:00:05,0.001388888888888889
200,47,inno-0,2022-12-15 07:30:07,2022-12-15 10:18:27,2022-12-15 10:18:23,2022-12-15 10:18:23,No reviewer assigned,Not labelled,openvantage:GMC-412_Need-look-and-feel,GMC-412_Need-look-and-feel,GMC-front-end,3390,closed,0 days 02:48:16,2.8044444444444445
201,46,DrewLangley,2022-12-08 10:45:11,2022-12-09 14:23:15,2022-12-09 14:23:09,2022-12-09 14:23:09,FrikanRwOV,Not labelled,openvantage:bugfix/drew-07-Dec_22,bugfix/drew-07-Dec_22,GMC-front-end,3390,closed,1 days 03:37:58,27.63277777777778
202,45,JenyoJ,2022-12-07 12:24:49,2022-12-07 12:47:32,2022-12-07 12:47:31,2022-12-07 12:47:31,No reviewer assigned,Not labelled,openvantage:GMC-Application,GMC-Application,GMC-front-end,3390,closed,0 days 00:22:42,0.37833333333333335
203,44,FrikanRwOV,2022-12-07 11:41:37,2022-12-07 11:41:52,2022-12-07 11:41:44,2022-12-07 11:41:44,No reviewer assigned,Not labelled,openvantage:feature/quoteVersionSelect,feature/quoteVersionSelect,GMC-front-end,3390,closed,0 days 00:00:07,0.0019444444444444444
204,43,FrikanRwOV,2022-12-07 09:57:40,2022-12-07 10:00:37,2022-12-07 10:00:37,2022-12-07 10:00:37,No reviewer assigned,Not labelled,openvantage:fix/IG,fix/IG,GMC-front-end,3390,closed,0 days 00:02:57,0.049166666666666664
205,42,inno-0,2022-12-07 07:25:17,2022-12-07 08:55:49,2022-12-07 08:55:45,2022-12-07 08:55:45,No reviewer assigned,Not labelled,openvantage:GMC-417_Solutions-Recommendations-user-experience-improvements_inno,GMC-417_Solutions-Recommendations-user-experience-improvements_inno,GMC-front-end,3390,closed,0 days 01:30:28,1.5077777777777779
206,41,FrikanRwOV,2022-12-06 05:08:36,2022-12-06 06:01:15,2022-12-06 06:01:12,2022-12-06 06:01:12,No reviewer assigned,Not labelled,openvantage:feature/husky,feature/husky,GMC-front-end,3390,closed,0 days 00:52:36,0.8766666666666667
207,40,FrikanRwOV,2022-12-05 06:33:01,2022-12-05 07:49:51,2022-12-05 07:49:51,2022-12-05 07:49:51,No reviewer assigned,Not labelled,openvantage:GMC-360_Cleanup--Styling-Fixes_Frikan-Erwee,GMC-360_Cleanup--Styling-Fixes_Frikan-Erwee,GMC-front-end,3390,closed,0 days 01:16:50,1.2805555555555554
208,39,FrikanRwOV,2022-12-05 06:32:21,2022-12-05 07:50:08,2022-12-05 07:50:08,2022-12-05 07:50:07,DrewLangley,Not labelled,openvantage:fix/dropNavClick,fix/dropNavClick,GMC-front-end,3390,closed,0 days 01:17:46,1.2961111111111112
209,38,inno-0,2022-12-02 15:21:21,2022-12-02 15:27:59,2022-12-02 15:27:59,2022-12-02 15:27:59,No reviewer assigned,Not labelled,openvantage:quote-templates,quote-templates,GMC-front-end,3390,closed,0 days 00:06:38,0.11055555555555556
210,37,Fizz21,2022-12-02 15:16:54,2022-12-02 15:23:54,2022-12-02 15:23:53,2022-12-02 15:23:53,No reviewer assigned,Not labelled,openvantage:GMC-355_main_navigation_changes,GMC-355_main_navigation_changes,GMC-front-end,3390,closed,0 days 00:06:59,0.11638888888888889
211,36,JenyoJ,2022-12-02 09:11:32,2022-12-02 10:02:09,2022-12-02 10:00:35,2022-12-02 10:00:35,No reviewer assigned,Not labelled,openvantage:GMC-71-Detailing,GMC-71-Detailing,GMC-front-end,3390,closed,0 days 00:49:03,0.8175
212,35,FrikanRwOV,2022-12-02 03:48:51,2022-12-02 03:57:42,2022-12-02 03:57:42,2022-12-02 03:57:42,No reviewer assigned,Not labelled,openvantage:GMC-183_View-Received-Quotes-Data-From-Insurers-Company-Table-View-Per-Client-per-benefit_Frikan-Erwee,GMC-183_View-Received-Quotes-Data-From-Insurers-Company-Table-View-Per-Client-per-benefit_Frikan-Erwee,GMC-front-end,3390,closed,0 days 00:08:51,0.1475
213,34,inno-0,2022-11-30 07:21:40,2022-11-30 07:25:14,2022-11-30 07:25:14,2022-11-30 07:25:14,No reviewer assigned,Not labelled,openvantage:quote-templates,quote-templates,GMC-front-end,3390,closed,0 days 00:03:34,0.059444444444444446
214,33,FrikanRwOV,2022-11-29 18:37:45,2022-11-29 18:38:04,2022-11-29 18:38:00,2022-11-29 18:38:00,No reviewer assigned,Not labelled,openvantage:feature/uploadDocuments,feature/uploadDocuments,GMC-front-end,3390,closed,0 days 00:00:15,0.004166666666666667
215,32,FrikanRwOV,2022-11-29 18:26:48,2022-11-29 18:27:54,2022-11-29 18:27:48,2022-11-29 18:27:48,No reviewer assigned,Not labelled,openvantage:feature/uploadDocuments,feature/uploadDocuments,GMC-front-end,3390,closed,0 days 00:01:00,0.016666666666666666
216,31,JenyoJ,2022-11-29 16:25:51,2022-11-29 18:26:23,2022-11-29 18:26:07,2022-11-29 18:26:07,No reviewer assigned,Not labelled,openvantage:GMC-71-Detailing,GMC-71-Detailing,GMC-front-end,3390,closed,0 days 02:00:16,2.0044444444444443
217,30,FrikanRwOV,2022-11-29 14:33:54,2022-11-29 14:34:07,2022-11-29 14:34:01,,No reviewer assigned,Not labelled,openvantage:feature/uploadDocuments,feature/uploadDocuments,GMC-front-end,3390,closed,,
218,29,JenyoJ,2022-11-29 14:23:16,2022-11-29 14:34:23,2022-11-29 14:34:19,2022-11-29 14:34:19,No reviewer assigned,Not labelled,openvantage:GMC-71-Detailing,GMC-71-Detailing,GMC-front-end,3390,closed,0 days 00:11:03,0.18416666666666667
219,28,JenyoJ,2022-11-29 12:45:24,2022-11-29 13:49:25,2022-11-29 13:48:59,2022-11-29 13:48:59,No reviewer assigned,Not labelled,openvantage:GMC-71,GMC-71,GMC-front-end,3390,closed,0 days 01:03:35,1.0597222222222222
220,27,FrikanRwOV,2022-11-28 07:20:46,2022-11-30 15:49:19,2022-11-28 07:43:02,2022-11-28 07:43:02,No reviewer assigned,Not labelled,openvantage:feature/landing,feature/landing,GMC-front-end,3390,closed,0 days 00:22:16,0.3711111111111111
221,26,sean-ov,2023-01-16 06:57:00,2023-01-17 07:21:00,2023-01-16 12:11:36,2023-01-16 12:11:36,No reviewer assigned,Not labelled,openvantage:feature/party-data-structure,feature/party-data-structure,GMC-back-end,463,closed,0 days 05:14:36,5.243333333333333
222,25,DrewLangley,2023-01-04 11:42:03,2023-01-05 05:58:27,2023-01-05 05:58:23,2023-01-05 05:58:23,No reviewer assigned,Not labelled,openvantage:feature/share-cases,feature/share-cases,GMC-back-end,463,closed,0 days 18:16:20,18.272222222222222
223,24,DrewLangley,2022-12-13 09:07:27,2022-12-14 08:26:52,2022-12-14 08:26:52,2022-12-14 08:26:52,No reviewer assigned,Not labelled,openvantage:bugfix/drew-12-12-2022,bugfix/drew-12-12-2022,GMC-back-end,463,closed,0 days 23:19:25,23.323611111111113
224,23,inno-0,2022-12-02 15:38:32,2023-01-17 07:21:48,2022-12-04 08:45:01,2022-12-04 08:45:01,No reviewer assigned,Not labelled,openvantage:feature/house-view,feature/house-view,GMC-back-end,463,closed,1 days 17:06:29,41.10805555555555
225,22,sean-ov,2022-12-02 13:24:20,2022-12-04 09:00:11,2022-12-04 09:00:10,2022-12-04 09:00:10,No reviewer assigned,Not labelled,openvantage:feature/party-data-structure,feature/party-data-structure,GMC-back-end,463,closed,1 days 19:35:50,43.59722222222222
226,21,sean-ov,2022-12-01 14:00:11,2022-12-02 03:44:05,2022-12-02 03:44:04,2022-12-02 03:44:04,DrewLangley,Not labelled,openvantage:feature/munichRe-integration,feature/munichRe-integration,GMC-back-end,463,closed,0 days 13:43:53,13.731388888888889
227,20,DrewLangley,2022-11-29 15:16:18,2022-11-29 15:18:06,2022-11-29 15:18:01,2022-11-29 15:18:01,inno-0,Not labelled,openvantage:feature/mock-p2-data,feature/mock-p2-data,GMC-back-end,463,closed,0 days 00:01:43,0.02861111111111111
228,19,sean-ov,2022-11-28 19:08:13,2023-01-17 07:21:51,2022-11-29 07:59:31,2022-11-29 07:59:31,DrewLangley,Not labelled,openvantage:feature/tab-navigation,feature/tab-navigation,GMC-back-end,463,closed,0 days 12:51:18,12.855
229,18,sean-ov,2022-11-28 15:32:14,2023-01-17 07:21:52,2022-11-29 07:43:25,2022-11-29 07:43:25,No reviewer assigned,Not labelled,openvantage:feature/autosave,feature/autosave,GMC-back-end,463,closed,0 days 16:11:11,16.18638888888889
230,17,inno-0,2022-11-22 12:08:04,2022-11-25 10:43:22,2022-11-25 10:43:22,2022-11-25 10:43:22,No reviewer assigned,Not labelled,openvantage:feature/house-view,feature/house-view,GMC-back-end,463,closed,2 days 22:35:18,70.58833333333334
231,16,DrewLangley,2022-11-11 13:14:42,2022-11-14 05:58:37,2022-11-14 05:58:36,2022-11-14 05:58:36,sean-ov,Not labelled,openvantage:drew/play-house,drew/play-house,GMC-back-end,463,closed,2 days 16:43:54,64.73166666666667
232,15,sean-ov,2022-11-07 08:41:44,2023-01-17 07:21:56,2022-11-07 11:21:06,2022-11-07 11:21:06,No reviewer assigned,Not labelled,openvantage:feature/flowable-integration,feature/flowable-integration,GMC-back-end,463,closed,0 days 02:39:22,2.656111111111111
233,14,DrewLangley,2022-10-31 15:31:10,2022-11-03 10:48:46,2022-11-03 10:43:59,2022-11-03 10:43:59,inno-0,Not labelled,openvantage:feature/documents-broker-logo,feature/documents-broker-logo,GMC-back-end,463,closed,2 days 19:12:49,67.2136111111111
234,13,DrewLangley,2022-10-28 11:06:21,2022-10-31 10:00:06,2022-10-31 10:00:03,2022-10-31 10:00:03,inno-0,Not labelled,openvantage:feature/GMC-54,feature/GMC-54,GMC-back-end,463,closed,2 days 22:53:42,70.895
235,12,DrewLangley,2022-10-27 08:22:12,2022-10-27 09:42:06,2022-10-27 09:42:03,2022-10-27 09:42:03,No reviewer assigned,Not labelled,openvantage:feature/fa-password,feature/fa-password,GMC-back-end,463,closed,0 days 01:19:51,1.3308333333333333
236,11,DrewLangley,2022-10-26 09:01:17,2022-10-26 09:34:48,2022-10-26 09:34:29,2022-10-26 09:34:29,No reviewer assigned,Not labelled,openvantage:bugfix/initial,bugfix/initial,GMC-back-end,463,closed,0 days 00:33:12,0.5533333333333333
237,10,inno-0,2022-10-24 11:49:44,2022-10-27 09:45:37,2022-10-26 09:15:29,,No reviewer assigned,Not labelled,openvantage:feature/organisation-structure,feature/organisation-structure,GMC-back-end,463,closed,,
238,9,inno-0,2022-10-21 09:07:39,2022-10-26 09:38:42,2022-10-21 09:08:57,2022-10-21 09:08:57,No reviewer assigned,Not labelled,openvantage:bugfixes/general,bugfixes/general,GMC-back-end,463,closed,0 days 00:01:18,0.021666666666666667
239,8,inno-0,2022-10-20 07:59:46,2022-10-20 08:08:07,2022-10-20 08:08:06,2022-10-20 08:08:06,DrewLangley,Not labelled,openvantage:bugfixes/general,bugfixes/general,GMC-back-end,463,closed,0 days 00:08:20,0.1388888888888889
240,7,DrewLangley,2022-10-17 10:46:11,2022-10-21 11:50:43,2022-10-20 08:11:23,2022-10-20 08:11:23,JenyoJ,Not labelled,openvantage:feature/otp-login,feature/otp-login,GMC-back-end,463,closed,2 days 21:25:12,69.42
241,6,DrewLangley,2022-10-13 13:06:50,2022-10-14 09:00:15,2022-10-14 08:59:58,2022-10-14 08:59:58,JenyoJ,Not labelled,openvantage:bugfix/create-broker,bugfix/create-broker,GMC-back-end,463,closed,0 days 19:53:08,19.885555555555555
242,5,DrewLangley,2022-10-13 09:05:18,2022-10-13 09:26:32,2022-10-13 09:06:34,2022-10-13 09:06:34,FrikanRwOV,Not labelled,openvantage:feature/audit_log,feature/audit_log,GMC-back-end,463,closed,0 days 00:01:16,0.021111111111111112
243,4,DrewLangley,2022-10-11 10:57:01,2022-10-13 09:27:03,2022-10-11 10:57:09,2022-10-11 10:57:09,No reviewer assigned,Not labelled,openvantage:main,main,GMC-back-end,463,closed,0 days 00:00:08,0.0022222222222222222
244,3,DrewLangley,2022-10-11 10:34:40,2022-10-11 10:34:46,2022-10-11 10:34:45,2022-10-11 10:34:45,No reviewer assigned,Not labelled,openvantage:main,main,GMC-back-end,463,closed,0 days 00:00:05,0.001388888888888889
245,2,DrewLangley,2022-10-11 10:23:38,2022-10-11 10:23:43,2022-10-11 10:23:43,2022-10-11 10:23:43,No reviewer assigned,Not labelled,openvantage:main,main,GMC-back-end,463,closed,0 days 00:00:05,0.001388888888888889
246,1,DrewLangley,2022-10-11 10:18:27,2022-10-11 10:18:33,2022-10-11 10:18:32,2022-10-11 10:18:32,No reviewer assigned,Not labelled,openvantage:main,main,GMC-back-end,463,closed,0 days 00:00:05,0.001388888888888889
247,27,WilcoBreedt,2023-01-24 13:15:09,2023-01-25 10:56:13,2023-01-25 10:56:10,2023-01-25 10:56:10,No reviewer assigned,Not labelled,openvantage:feature/pull_nvr_config,feature/pull_nvr_config,verifeyes-backend,627,closed,0 days 21:41:01,21.683611111111112
248,26,WilcoBreedt,2023-01-23 14:45:14,2023-01-25 13:48:18,2023-01-25 13:48:16,2023-01-25 13:48:16,No reviewer assigned,Not labelled,openvantage:change/updateEventStases,change/updateEventStases,verifeyes-backend,627,closed,1 days 23:03:02,47.050555555555555
249,25,WilcoBreedt,2023-01-23 14:17:15,2023-01-23 14:17:39,2023-01-23 14:17:37,2023-01-23 14:17:37,No reviewer assigned,Not labelled,openvantage:fix/preven_inactive_users,fix/preven_inactive_users,verifeyes-backend,627,closed,0 days 00:00:22,0.006111111111111111
250,24,WilcoBreedt,2023-01-23 13:55:08,2023-01-23 13:55:36,2023-01-23 13:55:34,2023-01-23 13:55:34,No reviewer assigned,Not labelled,openvantage:feature/anpr_config_site,feature/anpr_config_site,verifeyes-backend,627,closed,0 days 00:00:26,0.007222222222222222
251,23,AdamErwee,2023-01-23 08:46:03,2023-01-23 08:51:16,2023-01-23 08:51:12,2023-01-23 08:51:12,No reviewer assigned,READY FOR REVIEW,openvantage:chore-siteIpAddress,chore-siteIpAddress,verifeyes-backend,627,closed,0 days 00:05:09,0.08583333333333333
252,22,Faziki,2023-01-20 10:13:55,2023-01-24 06:39:39,2023-01-24 06:39:38,2023-01-24 06:39:38,AdamErwee,APPROVED,openvantage:VES-93_Dashboard-Page-Backend,VES-93_Dashboard-Page-Backend,verifeyes-backend,627,closed,3 days 20:25:43,92.42861111111111
253,21,WilcoBreedt,2023-01-18 13:44:57,2023-01-23 06:23:34,2023-01-23 06:23:32,2023-01-23 06:23:32,No reviewer assigned,Not labelled,openvantage:VES-82_CreateSite_LPR,VES-82_CreateSite_LPR,verifeyes-backend,627,closed,4 days 16:38:35,112.64305555555555
254,20,Faziki,2023-01-17 12:49:54,2023-01-18 07:11:11,2023-01-18 07:10:42,2023-01-18 07:10:42,AdamErwee,CHANGES MADE,openvantage:VES-273_Secure-webhook-endpoints-with-API-KEY,VES-273_Secure-webhook-endpoints-with-API-KEY,verifeyes-backend,627,closed,0 days 18:20:48,18.346666666666668
255,19,WilcoBreedt,2023-01-17 09:20:16,2023-01-30 15:36:08,2023-01-30 15:36:08,,No reviewer assigned,Not labelled,openvantage:feature/updateEventStatus,feature/updateEventStatus,verifeyes-backend,627,closed,,
256,18,WilcoBreedt,2023-01-16 14:27:05,2023-01-18 13:44:43,2023-01-18 13:44:40,2023-01-18 13:44:40,No reviewer assigned,Not labelled,openvantage:feature/createANPREvent,feature/createANPREvent,verifeyes-backend,627,closed,1 days 23:17:35,47.293055555555554
257,17,Faziki,2023-01-16 13:12:20,2023-01-18 07:09:00,2023-01-18 07:08:56,2023-01-18 07:08:56,AdamErwee,CHANGES MADE,openvantage:VES-257_Password-Change-Email,VES-257_Password-Change-Email,verifeyes-backend,627,closed,1 days 17:56:36,41.943333333333335
258,16,WilcoBreedt,2023-01-16 10:15:20,2023-01-16 10:27:37,2023-01-16 10:27:35,2023-01-16 10:27:35,No reviewer assigned,Not labelled,openvantage:VES-142_local_queye,VES-142_local_queye,verifeyes-backend,627,closed,0 days 00:12:15,0.20416666666666666
259,15,Faziki,2023-01-13 09:06:30,2023-01-17 07:32:25,2023-01-17 07:32:23,2023-01-17 07:32:22,No reviewer assigned,CHANGES MADE,openvantage:VES-256_API---FleetMarshall-Events-GET--Would-be-able-to-retrieve-events-on-the-Verifeyes-system-with-query-param-filters,VES-256_API---FleetMarshall-Events-GET--Would-be-able-to-retrieve-events-on-the-Verifeyes-system-with-query-param-filters,verifeyes-backend,627,closed,3 days 22:25:52,94.43111111111111
260,14,Faziki,2023-01-13 07:59:16,2023-01-17 06:44:12,2023-01-17 06:44:10,2023-01-17 06:44:10,No reviewer assigned,CHANGES MADE,openvantage:VES-255_API---FleetMarshall-Event-Status-POST--FleetMarshall-system-to-send-information-regarding-if-events-were-able-to-be-matched,VES-255_API---FleetMarshall-Event-Status-POST--FleetMarshall-system-to-send-information-regarding-if-events-were-able-to-be-matched,verifeyes-backend,627,closed,3 days 22:44:54,94.74833333333333
261,13,Faziki,2023-01-13 07:13:20,2023-01-16 14:47:48,2023-01-16 14:47:46,2023-01-16 14:47:46,No reviewer assigned,CHANGES MADE,openvantage:VES-254_Webhook---Site-Information-POST--Webhook-that-receives-site-updates,VES-254_Webhook---Site-Information-POST--Webhook-that-receives-site-updates,verifeyes-backend,627,closed,3 days 07:34:26,79.57388888888889
262,12,WilcoBreedt,2023-01-12 08:27:25,2023-01-12 08:47:54,2023-01-12 08:47:52,2023-01-12 08:47:52,No reviewer assigned,Not labelled,openvantage:VES-142_local_queye,VES-142_local_queye,verifeyes-backend,627,closed,0 days 00:20:27,0.3408333333333333
263,11,Faziki,2023-01-11 13:09:44,2023-01-16 10:51:57,2023-01-16 10:51:54,2023-01-16 10:51:54,No reviewer assigned,READY FOR REVIEW,openvantage:VES-253_Webhook---Vehicle-Information-POST--Webhook-that-receives-vehicle-updates,VES-253_Webhook---Vehicle-Information-POST--Webhook-that-receives-vehicle-updates,verifeyes-backend,627,closed,4 days 21:42:10,117.70277777777778
264,10,Faziki,2022-12-29 11:59:33,2023-01-16 13:31:53,2023-01-16 13:31:53,2023-01-16 13:31:53,AdamErwee,APPROVED,openvantage:bugfix/mjml,bugfix/mjml,verifeyes-backend,627,closed,18 days 01:32:20,433.5388888888889
265,9,AdamErwee,2022-12-28 12:20:06,2022-12-29 14:41:36,2022-12-29 14:41:27,2022-12-29 14:41:27,No reviewer assigned,READY FOR REVIEW,openvantage:VES-121_ExternalFootage,VES-121_ExternalFootage,verifeyes-backend,627,closed,1 days 02:21:21,26.355833333333333
266,8,AdamErwee,2022-12-12 13:01:41,2022-12-12 13:11:01,2022-12-12 13:11:01,2022-12-12 13:11:01,No reviewer assigned,Not labelled,openvantage:orderBy_Query,orderBy_Query,verifeyes-backend,627,closed,0 days 00:09:20,0.15555555555555556
267,7,AdamErwee,2022-12-11 17:06:02,2022-12-12 13:12:19,2022-12-12 13:12:12,,No reviewer assigned,Not labelled,openvantage:Search_Count,Search_Count,verifeyes-backend,627,closed,,
268,6,WilcoBreedt,2022-12-05 11:30:47,2022-12-28 09:00:11,2022-12-28 09:00:11,,No reviewer assigned,Not labelled,openvantage:experimental/esbuild_bundler,experimental/esbuild_bundler,verifeyes-backend,627,closed,,
269,5,WilcoBreedt,2022-11-29 17:24:05,2022-11-29 17:26:10,2022-11-29 17:26:08,2022-11-29 17:26:08,No reviewer assigned,Not labelled,openvantage:feature/events,feature/events,verifeyes-backend,627,closed,0 days 00:02:03,0.034166666666666665
270,4,WilcoBreedt,2022-11-28 16:51:24,2022-11-29 12:00:54,2022-11-29 12:00:52,2022-11-29 12:00:52,No reviewer assigned,Not labelled,openvantage:fix/minor_feedback_fixes,fix/minor_feedback_fixes,verifeyes-backend,627,closed,0 days 19:09:28,19.157777777777778
271,3,WilcoBreedt,2022-11-22 10:50:19,2022-11-22 10:51:41,2022-11-22 10:51:39,2022-11-22 10:51:39,No reviewer assigned,Not labelled,openvantage:feature/forgot_password,feature/forgot_password,verifeyes-backend,627,closed,0 days 00:01:20,0.022222222222222223
272,2,WilcoBreedt,2022-11-15 11:44:14,2022-11-16 13:18:49,2022-11-16 13:18:47,2022-11-16 13:18:47,No reviewer assigned,READY FOR REVIEW,openvantage:feature/user_site_crud,feature/user_site_crud,verifeyes-backend,627,closed,1 days 01:34:33,25.575833333333332
273,1,AdamErwee,2022-11-15 08:15:36,2022-11-15 13:53:08,2022-11-15 13:53:05,2022-11-15 13:53:05,No reviewer assigned,Not labelled,openvantage:VES-27_LoginAuth,VES-27_LoginAuth,verifeyes-backend,627,closed,0 days 05:37:29,5.624722222222222
274,68,AdamErwee,2023-02-02 07:39:33,2023-02-03 21:59:36,2023-02-03 21:59:34,2023-02-03 21:59:34,No reviewer assigned,READY FOR REVIEW,openvantage:VES-258_DateFilter,VES-258_DateFilter,verifeyes-frontend,1081,closed,1 days 14:20:01,38.33361111111111
275,67,Faziki,2023-01-31 13:12:30,2023-01-31 15:27:04,2023-01-31 15:27:01,2023-01-31 15:27:01,No reviewer assigned,READY FOR REVIEW,openvantage:VES-282_Download-bug,VES-282_Download-bug,verifeyes-frontend,1081,closed,0 days 02:14:31,2.2419444444444445
276,66,Faziki,2023-01-31 10:53:03,2023-01-31 15:24:29,2023-01-31 15:24:26,2023-01-31 15:24:26,No reviewer assigned,READY FOR REVIEW,openvantage:VES-234_Comment-on-event-Styling-issues-on-larger-screens-Sort-out-resolution-issues,VES-234_Comment-on-event-Styling-issues-on-larger-screens-Sort-out-resolution-issues,verifeyes-frontend,1081,closed,0 days 04:31:23,4.523055555555556
277,65,Faziki,2023-01-30 13:52:22,2023-02-03 21:59:48,2023-01-30 15:37:25,2023-01-30 15:37:25,No reviewer assigned,READY FOR REVIEW,openvantage:VES-262_Table-Requests-to-the-backend-fire-twice,VES-262_Table-Requests-to-the-backend-fire-twice,verifeyes-frontend,1081,closed,0 days 01:45:03,1.7508333333333332
278,64,Faziki,2023-01-30 09:08:28,2023-01-30 15:38:16,2023-01-30 15:38:13,2023-01-30 15:38:13,WilcoBreedt,IN PROGRESS,openvantage:VES-280_Site-CreateEdit-Add-httpPort-rtspPort-to-ANPR-NVR-configurations,VES-280_Site-CreateEdit-Add-httpPort-rtspPort-to-ANPR-NVR-configurations,verifeyes-frontend,1081,closed,0 days 06:29:45,6.495833333333334
279,63,WianOV,2023-01-30 07:56:59,2023-02-05 14:59:15,2023-02-05 14:59:13,2023-02-05 14:59:13,No reviewer assigned,READY FOR REVIEW,openvantage:E2E-new-testing,E2E-new-testing,verifeyes-frontend,1081,closed,6 days 07:02:14,151.03722222222223
280,62,Faziki,2023-01-26 13:49:13,2023-01-29 18:18:00,2023-01-29 18:17:58,2023-01-29 18:17:58,WilcoBreedt,APPROVED,openvantage:VES-278_Show-error-messages-on-the-event-detail-screen,VES-278_Show-error-messages-on-the-event-detail-screen,verifeyes-frontend,1081,closed,3 days 04:28:45,76.47916666666667
281,61,Faziki,2023-01-26 10:46:34,2023-01-29 20:13:10,2023-01-29 20:13:07,2023-01-29 20:13:07,WilcoBreedt,READY FOR REVIEW,openvantage:VES-277_External-User-Screen-Mobile-Compatibility,VES-277_External-User-Screen-Mobile-Compatibility,verifeyes-frontend,1081,closed,3 days 09:26:33,81.4425
282,60,WilcoBreedt,2023-01-24 15:42:06,2023-01-25 12:33:01,2023-01-25 12:32:58,2023-01-25 12:32:58,No reviewer assigned,Not labelled,openvantage:feature/nvr_config_show_thumbnails,feature/nvr_config_show_thumbnails,verifeyes-frontend,1081,closed,0 days 20:50:52,20.84777777777778
283,59,Faziki,2023-01-24 13:24:35,2023-01-30 07:30:13,2023-01-30 07:30:05,2023-01-30 07:30:05,WilcoBreedt,APPROVED,openvantage:VES-168_Unable-to-login,VES-168_Unable-to-login,verifeyes-frontend,1081,closed,5 days 18:05:30,138.09166666666667
284,58,AdamErwee,2023-01-24 12:07:28,2023-01-25 06:31:43,2023-01-25 06:31:43,2023-01-25 06:31:43,No reviewer assigned,READY FOR REVIEW,openvantage:VES-258_DateFilter,VES-258_DateFilter,verifeyes-frontend,1081,closed,0 days 18:24:15,18.404166666666665
285,57,WilcoBreedt,2023-01-23 21:51:13,2023-01-24 13:08:46,2023-01-24 13:08:43,2023-01-24 13:08:43,No reviewer assigned,Not labelled,openvantage:feature/table_refresh,feature/table_refresh,verifeyes-frontend,1081,closed,0 days 15:17:30,15.291666666666666
286,56,Faziki,2023-01-23 09:48:10,2023-02-03 21:59:49,2023-01-25 14:43:34,2023-01-25 14:43:34,WilcoBreedt,READY FOR REVIEW,openvantage:VES-227_Filter-the-dashboard-cards-with-site-ID,VES-227_Filter-the-dashboard-cards-with-site-ID,verifeyes-frontend,1081,closed,2 days 04:55:24,52.92333333333333
287,55,AdamErwee,2023-01-23 08:47:05,2023-01-23 13:50:44,2023-01-23 13:50:39,2023-01-23 13:50:39,No reviewer assigned,READY FOR REVIEW,openvantage:chore-siteIpAddress,chore-siteIpAddress,verifeyes-frontend,1081,closed,0 days 05:03:34,5.059444444444445
288,54,WilcoBreedt,2023-01-20 16:28:15,2023-01-20 16:30:02,2023-01-20 16:29:58,2023-01-20 16:29:58,No reviewer assigned,Not labelled,openvantage:global-react-select-styling-bug,global-react-select-styling-bug,verifeyes-frontend,1081,closed,0 days 00:01:43,0.02861111111111111
289,53,AdamErwee,2023-01-20 06:39:04,2023-01-23 06:25:13,2023-01-23 06:25:10,2023-01-23 06:25:10,No reviewer assigned,READY FOR REVIEW,openvantage:VES-82_CreateSite,VES-82_CreateSite,verifeyes-frontend,1081,closed,2 days 23:46:06,71.76833333333333
290,52,Faziki,2023-01-13 13:48:07,2023-01-16 07:01:04,2023-01-16 07:00:59,2023-01-16 07:00:59,No reviewer assigned,READY FOR REVIEW,openvantage:VES-266_Site-Switcher---User-Management-Page---Filter-users-by-site,VES-266_Site-Switcher---User-Management-Page---Filter-users-by-site,verifeyes-frontend,1081,closed,2 days 17:12:52,65.21444444444444
291,51,Faziki,2023-01-13 12:35:12,2023-01-16 06:59:30,2023-01-16 06:59:28,2023-01-16 06:59:28,No reviewer assigned,READY FOR REVIEW,openvantage:VES-243_Events--Comments---Add-Live-Refresh,VES-243_Events--Comments---Add-Live-Refresh,verifeyes-frontend,1081,closed,2 days 18:24:16,66.40444444444445
292,50,Faziki,2023-01-10 06:55:20,2023-01-10 07:45:56,2023-01-10 07:45:50,2023-01-10 07:45:50,No reviewer assigned,READY FOR REVIEW,openvantage:bugfix/styling_issue,bugfix/styling_issue,verifeyes-frontend,1081,closed,0 days 00:50:30,0.8416666666666667
293,49,WianOV,2023-01-09 14:46:21,2023-01-09 16:28:38,2023-01-09 15:55:54,,WilcoBreedt,READY FOR REVIEW,openvantage:Download-video,Download-video,verifeyes-frontend,1081,closed,,
294,48,Faziki,2023-01-06 18:40:13,2023-01-09 15:24:40,2023-01-09 15:24:37,2023-01-09 15:24:37,No reviewer assigned,READY FOR REVIEW,openvantage:feature/VES-229_Frontend---Share-camera-footage,feature/VES-229_Frontend---Share-camera-footage,verifeyes-frontend,1081,closed,2 days 20:44:24,68.74
295,47,Faziki,2023-01-06 10:52:09,2023-01-06 19:08:00,2023-01-06 19:07:54,2023-01-06 19:07:54,No reviewer assigned,APPROVED,openvantage:bugfix/VES-242_Events---Comments---User-Should-Only-Be-Able-To-Delete-Their-Own-Last-Comment,bugfix/VES-242_Events---Comments---User-Should-Only-Be-Able-To-Delete-Their-Own-Last-Comment,verifeyes-frontend,1081,closed,0 days 08:15:45,8.2625
296,46,Faziki,2023-01-06 07:23:36,2023-01-06 08:48:24,2023-01-06 08:48:22,2023-01-06 08:48:22,No reviewer assigned,READY FOR REVIEW,openvantage:bugfix/event_comment_box,bugfix/event_comment_box,verifeyes-frontend,1081,closed,0 days 01:24:46,1.4127777777777777
297,45,Faziki,2023-01-04 21:29:22,2023-01-05 09:24:08,2023-01-05 09:24:06,2023-01-05 09:24:06,No reviewer assigned,READY FOR REVIEW,openvantage:feature/VES-240_Events---Camera-view---Make-accommodations-for-9-videos,feature/VES-240_Events---Camera-view---Make-accommodations-for-9-videos,verifeyes-frontend,1081,closed,0 days 11:54:44,11.912222222222223
298,44,Faziki,2023-01-04 21:17:53,2023-01-09 12:38:26,2023-01-09 12:38:24,2023-01-09 12:38:24,No reviewer assigned,APPROVED,openvantage:bugfix/VES-239_Events_details--Add_Accordions,bugfix/VES-239_Events_details--Add_Accordions,verifeyes-frontend,1081,closed,4 days 15:20:31,111.34194444444445
299,43,Faziki,2023-01-04 18:49:51,2023-01-09 16:28:40,2023-01-05 09:35:56,2023-01-05 09:35:56,No reviewer assigned,READY FOR REVIEW,openvantage:bugfix/VES-237_Events--Camera_view_snapping,bugfix/VES-237_Events--Camera_view_snapping,verifeyes-frontend,1081,closed,0 days 14:46:05,14.768055555555556
300,42,Faziki,2023-01-04 17:41:10,2023-01-06 07:12:25,2023-01-06 07:12:23,2023-01-06 07:12:23,No reviewer assigned,CHANGES MADE,openvantage:bugfix/VES-235_Video-player--Skip_Too_Small,bugfix/VES-235_Video-player--Skip_Too_Small,verifeyes-frontend,1081,closed,1 days 13:31:13,37.52027777777778
301,41,Faziki,2023-01-03 12:11:58,2023-01-06 09:04:10,2023-01-06 09:04:05,2023-01-06 09:04:05,No reviewer assigned,CHANGES MADE,openvantage:feature/VES-16_Change-Site-to-view,feature/VES-16_Change-Site-to-view,verifeyes-frontend,1081,closed,2 days 20:52:07,68.86861111111111
302,40,AdamErwee,2023-01-03 07:58:38,2023-01-06 06:51:33,2023-01-06 06:51:29,2023-01-06 06:51:29,No reviewer assigned,READY FOR REVIEW,openvantage:VES-101_Table_Filter,VES-101_Table_Filter,verifeyes-frontend,1081,closed,2 days 22:52:51,70.88083333333333
303,39,WianOV,2023-01-03 05:46:20,2023-01-09 16:28:21,2023-01-09 16:28:15,,No reviewer assigned,APPROVED,openvantage:Share-video,Share-video,verifeyes-frontend,1081,closed,,
